* 통계표명 :,월간_매매가격지수_종합,,,,,,,,,,,,,,,,,,,,,,,,,,,,,,,,,,,,,,,,,,,,,,,,,,,,,,,,,,,,,,
* 수록기간 :,2003년 11월 ~ 2016년 10월,,,,,,,,,,,,,,,,,,,,,,,,,,,,,,,,,,,,,,,,,,,,,,,,,,,,,,,,,,,,,,
* 조회기간 :,2009년 01월 ~ 2013년 12월,,,,,,,,,,,,,,,,,,,,,,,,,,,,,,,,,,,,,,,,,,,,,,,,,,,,,,,,,,,,,,
* 출처 :,한국감정원,,,,,,,,,,,,,,,,,,,,,,,,,,,,,,,,,,,,,,,,,,,,,,,,,,,,,,,,,,,,,,
* 자료다운일자 :,2016.11.22 17:32:38,,,,,,,,,,,,,,,,,,,,,,,,,,,,,,,,,,,,,,,,,,,,,,,,,,,,,,,,,,,,,,
* 단위 :,지수,,,,,,,,,,,,,,,,,,,,,,,,,,,,,,,,,,,,,,,,,,,,,,,,,,,,,,,,,,,,,,
,,,,,,,,,,,,,,,,,,,,,,,,,,,,,,,,,,,,,,,,,,,,,,,,,,,,,,,,,,,,,,,
,,,,,,,,,,,,,,,,,,,,,,,,,,,,,,,,,,,,,,,,,,,,,,,,,,,,,,,,,,,,,,,
,,,,,,,,,,,,,,,,,,,,,,,,,,,,,,,,,,,,,,,,,,,,,,,,,,,,,,,,,,,,,,,
,,,,,,,,,,,,,,,,,,,,,,,,,,,,,,,,,,,,,,,,,,,,,,,,,,,,,,,,,,,,,,,
지 역,,,,2009년 01월,2009년 02월,2009년 03월,2009년 04월,2009년 05월,2009년 06월,2009년 07월,2009년 08월,2009년 09월,2009년 10월,2009년 11월,2009년 12월,2010년 01월,2010년 02월,2010년 03월,2010년 04월,2010년 05월,2010년 06월,2010년 07월,2010년 08월,2010년 09월,2010년 10월,2010년 11월,2010년 12월,2011년 01월,2011년 02월,2011년 03월,2011년 04월,2011년 05월,2011년 06월,2011년 07월,2011년 08월,2011년 09월,2011년 10월,2011년 11월,2011년 12월,2012년 01월,2012년 02월,2012년 03월,2012년 04월,2012년 05월,2012년 06월,2012년 07월,2012년 08월,2012년 09월,2012년 10월,2012년 11월,2012년 12월,2013년 01월,2013년 02월,2013년 03월,2013년 04월,2013년 05월,2013년 06월,2013년 07월,2013년 08월,2013년 09월,2013년 10월,2013년 11월,2013년 12월
전국,,,,88.9,88.7,88.5,88.6,88.7,88.9,89.1,89.4,90,90.4,90.6,90.7,90.8,91.1,91.3,91.4,91.4,91.4,91.3,91.2,91.3,91.4,91.7,92,92.4,93.1,93.9,94.9,95.1,95.5,95.9,96.4,96.9,97.2,97.5,97.7,97.9,97.9,97.9,97.9,97.8,97.6,97.3,97.1,96.8,96.6,96.5,96.3,96,95.9,95.8,95.9,96.1,96.1,96,95.9,96,96.2,96.4,96.6
수도권,,,,100.9,100.6,100.3,100.4,100.5,100.8,101.2,101.7,102.5,102.9,103,103,103,103.1,103.2,103.1,102.7,102.4,101.8,101.4,101.2,101.1,101.1,101.1,101.2,101.5,101.8,102.1,102.1,102.1,102,102.1,102.1,102.1,102,101.9,101.7,101.6,101.4,101.1,100.8,100.3,99.8,99.3,98.8,98.4,98,97.5,97,96.6,96.4,96.4,96.5,96.4,96.1,95.9,95.9,96.2,96.3,96.4
지방권,,,,77.4,77.3,77.3,77.3,77.4,77.5,77.5,77.7,78.1,78.4,78.7,79,79.2,79.5,79.9,80.3,80.6,80.9,81.2,81.4,81.7,82.1,82.7,83.3,83.9,84.9,86.2,88.1,88.4,89.3,90.1,91,92,92.7,93.5,93.9,94.5,94.6,94.9,95,95.1,95.1,95.1,95,95,95.1,95.1,95.2,95.2,95.2,95.3,95.5,95.7,95.8,95.9,96,96,96.3,96.5,96.8
6대광역시,,,,81.3,81.2,81.1,81,81.1,81.2,81.3,81.5,82,82.4,82.7,83,83.2,83.5,83.8,84.2,84.5,84.6,84.7,84.8,85,85.4,85.9,86.4,87,87.9,89,90.6,90.8,91.6,92.3,92.9,93.6,94.2,94.8,95,95.4,95.4,95.5,95.5,95.5,95.3,95.1,94.8,94.7,94.6,94.6,94.5,94.4,94.3,94.2,94.4,94.6,94.8,94.9,94.9,94.9,95.2,95.5,95.8
5대광역시,,,,75.6,75.5,75.4,75.4,75.5,75.6,75.7,75.9,76.4,76.7,77.1,77.4,77.6,78,78.4,78.8,79.3,79.5,79.7,79.9,80.2,80.7,81.4,82,82.6,83.7,85.1,87,87.2,88.3,89.2,90,91,91.7,92.6,92.9,93.4,93.5,93.7,93.8,93.8,93.7,93.6,93.4,93.3,93.4,93.5,93.5,93.6,93.6,93.6,93.9,94.1,94.3,94.5,94.5,94.6,94.9,95.2,95.5
9개도,,,,89.4,89.1,89,89,89.1,89.2,89.4,89.6,90.1,90.3,90.5,90.6,90.6,90.8,91,91.1,91,91,90.8,90.6,90.7,90.8,91.1,91.4,91.8,92.4,93.3,94.4,94.5,94.9,95.3,95.8,96.3,96.7,97.1,97.2,97.6,97.6,97.7,97.7,97.7,97.6,97.4,97.2,97,96.9,96.7,96.5,96.3,96.1,96.1,96.1,96.3,96.4,96.3,96.2,96.3,96.5,96.7,96.9
8개도,,,,79.2,79.1,79.1,79.1,79.2,79.2,79.2,79.4,79.7,79.9,80.2,80.5,80.6,80.9,81.2,81.5,81.8,82.2,82.4,82.7,82.9,83.3,83.9,84.4,85,85.8,87.1,88.9,89.2,90,90.7,91.6,92.6,93.3,94.1,94.6,95.2,95.4,95.7,95.9,96,96,96,96.1,96.2,96.2,96.2,96.3,96.2,96.3,96.3,96.5,96.7,96.8,96.9,96.9,97,97.2,97.4,97.6
서울,,,,100,99.9,99.8,100,100.1,100.5,101.2,101.8,102.9,103.4,103.5,103.6,103.7,103.9,104,104,103.7,103.5,103.1,102.7,102.6,102.4,102.4,102.4,102.6,102.8,103,103.2,103.3,103.3,103.2,103.4,103.3,103.3,103.2,103.1,102.9,102.8,102.5,102,101.6,101.1,100.6,100,99.5,99.1,98.7,98.2,97.7,97.4,97.3,97.4,97.5,97.3,96.9,96.5,96.5,96.8,96.9,96.8
,강북지역,,,100.6,100.3,100.1,100.2,100.3,100.5,101.2,101.7,102.6,103.1,103.3,103.3,103.5,103.6,103.7,103.7,103.4,103.2,102.9,102.5,102.2,102.1,102,102,102.1,102.2,102.4,102.6,102.6,102.7,102.6,102.8,102.7,102.7,102.7,102.5,102.4,102.3,102.1,101.7,101.4,101.1,100.8,100.5,100.1,99.8,99.4,99.1,98.7,98.4,98.2,98,98.1,97.9,97.6,97.2,97,97.2,97.3,97.4
,,도심권,,-,-,-,-,-,-,-,-,-,-,-,-,-,-,-,-,-,-,-,-,-,-,-,-,-,-,-,-,-,-,-,-,-,-,-,-,102.9,102.9,102.6,102.5,102.4,102.2,102.1,101.7,101.4,101,100.7,100.6,100.5,100.4,100.2,100,99.9,99.6,99.3,99,98.9,98.9,98.9,98.9
,,,종로구,93.5,93.4,93.5,93.8,93.9,94.2,94.8,95.3,96.4,97,97,97,97.4,97.4,97.6,97.6,97.6,97.5,97.4,97.3,97.4,97.5,97.5,97.5,97.8,97.9,98,98.1,98.9,99,98.9,99.1,99.2,99.2,99.6,99.7,99.7,99.7,99.7,99.7,99.6,99.6,99.6,99.4,99.4,99.2,99.2,99.1,99.1,99.1,99,99.1,99.1,98.9,98.7,98.5,98.4,98.6,98.7,98.7
,,,중구,97.3,97.6,97.8,97.9,98.2,98.5,99,99.1,99.6,99.9,100.1,100.2,100.2,100.4,100.9,101.2,101.1,101,101.1,101.2,101.2,101.2,101.2,101.6,101.6,101.8,101.9,101.9,102.1,102.1,102.1,102.3,102.4,102.4,102.4,102.3,102.3,102.3,101.3,101.3,101,100.2,99.8,99.4,98.6,98.4,98.2,97.8,97.7,97.7,97.4,97.5,97.7,97.7,97.2,96.8,96.9,97.1,97.2,97.4
,,,용산구,106.5,106.3,105.8,107.8,107.9,108,108.3,108.9,109.4,109.5,109.7,109.7,109.8,109.8,109.8,109.9,109.8,109.3,109.1,108.1,107.7,107.6,107.1,107,107,107.1,107.2,107.2,107.1,107,106.8,106.8,106.5,106.3,106.2,105.5,105.5,105.4,105.2,105.1,105.1,105,104.9,104.5,104.1,103.6,103,102.9,102.7,102.6,102.4,101.7,101.4,101,100.8,100.4,100.2,100,99.9,99.8
,,동북권,,-,-,-,-,-,-,-,-,-,-,-,-,-,-,-,-,-,-,-,-,-,-,-,-,-,-,-,-,-,-,-,-,-,-,-,-,102.9,102.8,102.6,102.1,101.6,101.2,100.8,100.5,100.2,99.9,99.4,98.9,98.4,97.9,97.8,97.7,97.8,97.6,97.2,96.7,96.5,96.8,96.8,96.9
,,,성동구,104,103.8,103.8,103.9,104,104.1,104.1,104.1,104.3,104.4,104.5,104.4,104.4,104.5,104.5,104.5,104.3,104.2,103.9,103.8,103.7,103.5,103.3,103.3,103.3,103.3,103.7,103.8,103.9,103.9,103.8,103.7,103.6,103.7,103.7,103.6,103.4,103.3,102.9,102.4,102.1,101.9,101.8,101.1,100.5,99.9,99.2,98.5,98.1,97.5,97.1,96.6,97,97.2,97,96.6,96.3,96.6,96.6,96.7
,,,광진구,91.9,91.8,91.8,91.7,91.8,91.8,93.3,94.1,94.8,95.4,96.1,96.4,96.5,96.9,97,97.3,97.3,97.2,97.2,97.2,97.2,97.2,97.1,97.3,97.7,98.2,99.3,99.6,99.6,99.9,100.1,102.8,103.1,103.3,103.1,103,102.9,102.9,102.9,102.7,102.4,102.2,102,101.9,101.7,101.6,100.9,100.3,99.5,99.2,99.4,99.9,100.3,99.1,97.8,96.6,95.6,96,96.1,96.5
,,,동대문구,98,97.8,98.3,98.7,98.7,99.1,99.2,99.3,100,100.4,100.4,100.4,100.5,100.6,100.7,101.6,101.6,101.7,101.6,101.5,101.5,101.5,101.4,101.4,101.4,101.5,101.8,102,102.2,102.2,102.2,103.1,103.1,103.1,103,103,102.7,102.6,102.6,102.2,101.7,101.5,101.4,101.2,100.9,100.4,99.9,99.3,98.7,98.3,98.1,97.7,98,97.9,97.4,97.1,96.8,97,97,97
,,,중랑구,98.9,98.8,98.7,98.6,98.6,98.5,98.6,99,100.2,100.8,100.7,101,101,101.1,101.1,101,100.9,101,100.9,100.8,100.8,100.8,100.8,100.9,100.9,101,101.1,101.3,101.3,101.4,101.4,101.5,101.5,101.5,101.4,101.4,101.3,101.4,101.6,100.8,100.4,100,99.6,99.6,99.4,99.5,99,98.7,98,97.6,98.1,98.1,98.2,98.3,98,97.9,98.3,98.8,98.9,98.8
,,,성북구,101,101.1,101.6,101.1,101.1,101.2,101.6,101.9,102.9,103.6,103.5,103.4,103.5,103.6,103.7,103.6,103.1,102.8,102.6,102.1,101.9,101.8,101.7,101.7,101.7,101.9,101.9,101.9,102,101.9,101.8,101.8,101.9,102,102,101.8,101.8,101.7,101.2,101,100.8,100.7,100.5,100.3,100.2,100.1,100,100,99.9,99.7,99.3,98.9,98.7,98.5,98.2,98,98,98,98.1,98.2
,,,강북구,99.2,99.1,98.8,98.7,98.7,99.1,99.1,100.8,102.2,103.3,103.4,103.4,104.9,105.4,105.8,105.5,105.3,105.3,104.6,104.1,103.5,103.4,103.3,103.2,103.2,103.3,103.4,104.7,104.8,104.8,104.6,104.6,104.5,104.5,104.2,104.1,104.1,104.1,103.6,102.8,102.6,102.9,102.8,102.7,102.4,102.6,102.5,101.6,101.2,100.9,100.6,100.3,100.4,100.2,99.9,99.6,99.4,99.5,99.5,99.5
,,,도봉구,110.5,110,108.7,108.5,108.3,108.4,109.2,110,111,111.7,111.7,111.6,111.6,111.6,111.5,111.4,110.9,110,109.4,108.2,107.9,107.8,107.7,107.5,107.5,107.7,107.7,107.8,107.6,107.8,107.7,107.6,107.6,107.6,107.5,107.4,107.3,107.3,107.2,107.1,106.7,106.1,105.5,104.9,104.4,103,101.7,100.8,99.9,98.6,98.3,98.2,98,97.8,97.3,96.8,96.7,97.2,97.4,97.7
,,,노원구,105.5,104.2,103.8,103.5,103.5,104,105.3,105.9,106.9,107.3,107.5,107.6,107.5,107.5,107.4,106.7,105.9,105.2,104.7,104.2,103.6,103.1,103.1,103,102.8,103,103,103,103.2,103.1,102.9,102.8,102.4,102.3,102.1,101.9,101.4,101.4,100.9,99.9,98.9,97.9,97,96.6,96.2,96.1,95.8,95.4,94.9,94.7,94.6,94.6,94.7,94.7,94.5,93.6,93.3,93.8,93.8,93.8
,,서북권,,-,-,-,-,-,-,-,-,-,-,-,-,-,-,-,-,-,-,-,-,-,-,-,-,-,-,-,-,-,-,-,-,-,-,-,-,101,100.8,100.5,100.4,100.3,100.2,100.1,99.9,99.4,99,98.9,98.8,98.7,98.6,98.4,98,98,98,97.9,97.5,97.5,97.6,97.7,97.8
,,,은평구,99.1,99.1,98.5,98.9,99,99.6,99.7,100.1,101.1,101.6,102.1,102,102.2,102.2,102.2,102.3,102.4,102.1,101.9,101.8,101.3,101,100.8,100.7,100.7,100.7,101.3,101,100.7,101,101,100.9,100.8,100.7,100.9,100.8,100.7,100.6,99.9,99.9,99.7,99.6,99.5,99.5,99.4,99.4,99.4,99.3,99.3,99.2,99.1,98.2,98.2,98.2,98.1,97.9,97.9,98,98.1,98.1
,,,서대문구,98.5,98.4,98.4,98.5,98.4,98.3,100.1,100,101.6,102,102.2,102.3,102.3,102.6,102.8,102.8,102.8,102.7,102.6,102.3,102.3,102.4,102.5,102.5,102.7,102.7,103.1,103.6,103.6,103.5,104.3,104.3,104.2,104.2,104.2,104.3,104.3,104,103.9,103.8,103.6,103.5,103.3,102.9,101.4,100.1,99.7,99.7,99.6,99.4,99.2,99.1,99,98.8,98.6,98,97.8,97.9,97.9,98.1
,,,마포구,94.4,94.1,94.1,95.1,95.5,95.9,96.5,96.9,97.5,98.3,98.4,98.6,98.8,99.1,99.6,99.5,99.3,99.3,98.9,98.7,98.5,98.8,98.7,98.8,98.9,99.2,99.4,99.2,99.1,99,98.9,98.9,98.8,98.7,98.6,98.6,98.6,98.5,98.4,98.3,98.2,98.1,98,97.9,97.7,97.6,97.6,97.5,97.4,97.4,97.2,96.9,97,97.1,97.1,96.8,96.8,97.1,97.2,97.2
,강남지역,,,99.5,99.6,99.4,99.8,100,100.5,101.3,101.9,103.2,103.7,103.8,103.8,103.9,104.2,104.3,104.3,104,103.8,103.4,103,102.8,102.7,102.7,102.8,103.1,103.4,103.6,103.8,104,103.9,103.8,103.9,103.9,103.9,103.8,103.7,103.4,103.2,102.8,102.2,101.7,101,100.4,99.5,98.9,98.4,98,97.4,96.8,96.5,96.5,96.8,97,96.7,96.2,95.8,96,96.4,96.5,96.3
,,서남권,,-,-,-,-,-,-,-,-,-,-,-,-,-,-,-,-,-,-,-,-,-,-,-,-,-,-,-,-,-,-,-,-,-,-,-,-,103.5,103.5,103.2,102.8,102.2,101.7,101.3,100.5,100.1,99.7,99.3,98.8,98.1,97.8,97.7,98,98.1,97.9,97.5,97.2,97.3,97.6,97.8,97.6
,,,양천구,100.8,101.3,101.4,102,103,103.4,104.2,104.5,105.9,106.5,106.6,106.6,106.7,106.9,106.9,107.3,107.1,106.9,106.1,105.6,105.7,105.7,105.7,105.9,106.2,106.4,106.6,106.7,106.6,106.5,106.4,106.3,106.2,105.8,105.4,105.2,105.1,105.1,104.9,104.2,103.9,103.1,102.6,101,100.6,100.4,100.2,99.5,98.6,98.3,98.2,98.6,98.5,98.1,97.3,96.8,96.8,96.9,97,96.7
,,,강서구,106.3,106,105.9,105.8,105.7,105.8,105.9,106.4,107.9,108.4,108.4,108.7,108.5,108.6,108.5,108.4,108,107.7,106.8,105.9,105.6,105.4,105.5,105.5,106.1,106.2,106.3,106.7,107,106.9,106.8,106.5,106.3,106.6,106.4,106.3,106,106,105.7,105.1,104,103.4,102.7,102.1,101.8,101.3,100.7,100.1,99.3,98.9,98.7,98.8,99,98.9,98.5,98.3,98.5,98.7,98.9,98.7
,,,구로구,103.2,102.8,102.4,102.2,102.2,102.3,102.7,103,103.6,103.9,103.9,104,103.9,104,103.9,103.8,103.7,103.6,102.9,102.3,102.1,101.9,101.7,101.7,101.8,102,102.2,102.2,102,102.2,102.2,102.1,102.1,102.1,101.9,101.9,101.8,101.8,101.7,101.4,100.9,100.5,100.2,99.8,99.5,99.2,98.9,98.6,97.8,97.5,97.5,97.6,97.7,97.6,97.4,97.2,97.2,97.5,97.7,97.3
,,,금천구,101.4,101.3,100.8,100.8,100.8,100.8,100.7,100.6,101.5,101.9,102.3,102.4,102.2,102.3,102.5,102.6,102.5,102.4,102.1,101.9,101.8,101.7,101.3,100.8,100.9,101.3,101.6,101.6,101.6,101.7,101.6,103,103.2,103.1,103.1,103,103.1,103.2,103,102.7,101.9,101.7,101.3,100.2,100,99.9,99.9,99.8,99.4,99.1,99.1,99.1,99.2,98.9,98.5,97.9,98,98.5,98.6,98.1
,,,영등포구,101.2,101.2,100.9,100.9,101.2,102.2,102.6,102.8,103.8,104.5,105,105,105.1,105.6,105.5,105.6,105.5,104.9,104.3,103.7,103.5,103.4,103.4,103.4,103.4,103.7,103.9,103.9,104,104,104,103.8,103.8,103.6,103.5,103.3,103.5,103.4,103,102.7,102.5,102,101.5,100.8,100.3,99.9,99.1,98.8,98,97.7,97.7,98.1,98.2,97.9,97.2,96.8,96.9,97,97,96.7
,,,동작구,98.7,98.3,98,98,98.1,98.2,98.7,99,100.1,100.5,100.4,100.4,100.7,100.7,100.9,101,100.9,100.7,100.6,100.5,100.4,100.3,100.1,100.1,100.2,100.4,100.5,100.5,100.8,100.8,100.5,100.7,100.7,101,101,101,100.9,100.7,100.6,100,99.8,99.6,99.5,98.6,97.9,97.3,97,96.2,95.7,95.4,95.3,95.7,96.1,96.2,95.9,95.5,95.8,96.3,96.5,96.7
,,,관악구,93.5,93.4,93.2,92.7,92.7,94.3,95.3,96.2,98.7,99.4,100.2,100.2,100.4,100.5,100.5,100.4,100.4,100.1,99.9,99.8,99.7,99.7,99.5,99.6,99.8,100.6,101.2,101.5,101.6,101.7,101.7,101.9,102.2,102.5,102.5,102.6,102.6,102.8,102.2,102.1,101.4,100.8,100.3,100,99.7,99.4,98.6,98.4,98,97.6,97.6,97.8,98,98,97.8,97.7,97.8,98.4,98.6,98.6
,,동남권,,-,-,-,-,-,-,-,-,-,-,-,-,-,-,-,-,-,-,-,-,-,-,-,-,-,-,-,-,-,-,-,-,-,-,-,-,103.4,102.9,102.3,101.5,101.1,100.2,99.3,98.2,97.3,96.7,96.5,95.7,95.1,94.9,95,95.3,95.7,95.2,94.6,94.1,94.4,94.8,94.8,94.8
,,,서초구,94.8,94.4,94.4,95.2,95.5,96,97.3,98.1,99.4,99.7,99.9,99.8,100,100.7,100.8,100.7,100.4,100.1,100,99.8,99.8,99.7,99.7,100,100.4,101,101.1,101.2,101.3,101.2,101.2,101.3,101.5,101.5,101.3,101.2,101.1,100.4,100.4,99.9,99.6,99,98.4,98,97.8,97.7,97.6,97.1,96.5,96.3,96.3,96.3,96.5,96.3,95.6,95.1,95.1,95.3,95.2,95.3
,,,강남구,99.1,99.7,99.7,100.5,100.7,101.5,102.7,103.5,104.9,105.1,105,104.9,105.1,105.7,105.9,105.8,105.2,104.9,104.7,104.3,104.2,104.1,104,104.2,104.4,104.9,105,104.9,104.9,104.8,104.6,104.8,104.8,104.6,104.4,104.3,103.4,103.2,102.7,101.7,101.2,100.2,99.8,98.4,97.1,95.9,95.6,94.3,93.2,92.8,93,93.6,94.3,93.8,93.2,92.7,93.2,93.5,93.5,93.4
,,,송파구,98.5,98.9,98.5,99,99.2,99.6,100.6,101.6,102.8,103.3,103.3,103.3,103.4,103.8,104,104,103.7,103.8,103.6,103.1,102.8,102.6,102.6,102.8,103.2,103.6,103.8,103.8,104.5,104.4,104.3,104.3,104.5,104.5,104.5,104.3,104.1,103.2,102.4,102.5,102.2,101.1,100,99.2,98.6,98.2,97.9,97.2,97,96.8,97,97.3,97.4,96.7,95.9,95.4,95.5,96.5,96.5,96.5
,,,강동구,96.6,97,97.4,98.8,99.1,99.5,100.7,101.9,103.3,103.4,103.2,103.2,103.7,104.5,104.5,104.3,103.8,103.5,103.3,102.9,102.9,102.8,103.1,103.4,103.7,104.1,104.4,105.2,106.1,105.7,105.2,105.3,105.4,105.4,105.2,104.9,104.6,104.5,103.6,101.1,100.9,100,98.6,96.7,95.1,94.5,94.4,94.2,93.8,93.6,93.5,93.7,94.1,93.8,93.4,93.2,93.4,93.8,93.8,93.7
경기,,,,100.8,100.4,100,100,100.2,100.4,100.7,101,101.7,102,102,101.9,101.8,101.9,101.9,101.8,101.3,100.8,100.1,99.6,99.4,99.3,99.3,99.3,99.5,99.8,100.3,100.7,100.7,100.7,100.7,100.8,100.9,101,101,100.9,100.8,100.7,100.5,100.3,100.1,99.7,99.2,98.7,98.2,97.7,97.3,96.9,96.4,96,95.8,95.7,95.8,95.8,95.6,95.4,95.4,95.7,95.8,95.9
,경부1권,,,-,-,-,-,-,-,-,-,-,-,-,-,-,-,-,-,-,-,-,-,-,-,-,-,-,-,-,-,-,-,-,-,-,-,-,-,101.4,101.4,101.3,101.1,100.9,100.5,99.9,99.2,98.4,97.7,97,96.3,95.6,95.1,94.9,95,95.1,95.2,94.9,94.7,94.8,95.2,95.4,95.6
,,과천시,,96,97,97.2,103.3,106.5,107.8,111.5,112.6,114.1,114.9,114.7,114.1,114.2,114.8,114.9,114.1,112,110.5,108.9,107.4,106.8,106.5,106.4,107,107.5,107.9,108.7,108.6,109.4,108.2,106.8,105.8,105.3,105,104,103.6,102.5,102.9,102.2,101.1,100.9,100.5,99.4,97.6,95.9,93.9,93.7,94,93.6,93.2,93.2,94.7,95,94.7,94.4,93.9,93.9,94.5,94.6,95
,,안양시,,100.9,100,99.8,99.9,100.1,100,100.4,100.7,101.1,101.4,101.5,101.4,101.2,101.1,101.3,101.2,101,100.5,99.9,99.2,99.1,99,98.7,98.7,98.9,99.4,100.1,100.6,100.8,100.6,100.7,100.8,101,101.1,101.1,100.7,100.6,100.6,100.6,100.4,99.9,99.3,98.7,98.2,97.7,97,96.5,96.2,95.6,95.2,94.9,94.2,93.8,93.6,93.3,93.3,93.3,93.7,93.8,94
,,,만안구,101,100.3,99.9,99.9,99.9,99.7,99.7,100,100.1,100.2,100.3,100.3,100.3,100.3,100.3,100.8,101.1,100.9,100.4,99.9,99.9,100.1,100,100,100,100.6,101.6,101.7,102,101.7,101.9,102,102.3,102.4,102.4,102.2,102.2,102.2,102.3,102.4,102.3,102.1,102,101.9,101.8,101.5,101.4,101.2,100.7,100.7,100,98.5,97.7,97.4,96.8,96.7,96.5,96.8,96.4,96
,,,동안구,101.1,99.9,99.8,100,100.4,100.4,101,101.3,101.9,102.4,102.4,102.2,102,101.8,102,101.6,101,100.3,99.8,98.9,98.7,98.4,98.1,98.1,98.3,98.8,99.4,100.1,100.2,100.1,100.1,100.1,100.4,100.5,100.4,99.9,99.8,99.7,99.6,99.3,98.6,97.7,96.8,96.1,95.3,94.5,93.7,93.4,92.7,92.1,92,91.8,91.7,91.4,91.4,91.3,91.5,91.9,92.4,92.9
,,성남시,,104.1,103.3,103.1,103.2,104.4,104.7,105.5,106.1,107,107.3,107.2,107.2,107.1,107.2,107.1,106.8,106.1,105.4,104.8,103.9,103.6,103.4,103.4,103.5,103.7,104,104.2,104.1,104.2,104.3,104.1,104,103.6,103.4,103.3,103.1,102.8,102.7,102.6,102.4,102.2,101.9,101.3,100.8,100.2,99.4,98.5,97.6,96.9,96.3,96.1,96.4,96.7,97,96.9,96.6,96.5,96.7,96.6,96.7
,,,수정구,102.5,102.3,102.4,102.3,102.6,102.8,103,104.1,104.7,104.7,104.6,104.5,104.5,104.5,104.4,104.3,104.2,104.6,104.4,103.4,103.1,103.6,103.5,103.3,103.2,103.2,102.9,102.5,102.5,102.2,102.1,102.1,101.2,100.6,100.6,100.6,100.5,100.5,100.4,100.4,100.3,100.3,100,99.9,99.7,99.3,99.1,99,98.9,98.9,98.8,99,99.2,99.2,99.1,98.9,98.8,98.9,99,98.9
,,,중원구,98.7,97,96.6,96.4,98.4,98.7,99.7,100.5,101.6,102.3,102.2,102.6,102.7,103,103.2,102.8,102.4,101.9,101.2,99.9,99.4,98.6,98.5,98.5,98.6,98.8,99.2,99.2,99.7,99.9,99.9,99.9,99.4,99.5,99.5,99.3,99.3,99.4,99.7,99.7,99.7,99.7,99.5,99.3,99,99,98.7,98.2,97.9,97.5,97.7,98.2,98.3,98.2,98,97.7,97.7,98,98,97.8
,,,분당구,107.2,106.8,106.5,106.9,108,108.3,109.2,109.7,110.4,110.8,110.7,110.4,110.3,110.3,110,109.7,108.6,107.4,106.7,106,105.8,105.6,105.7,106,106.4,106.7,107.1,107.1,106.9,107.1,106.9,106.7,106.5,106.4,106.2,105.8,105.4,105.1,104.8,104.4,104.1,103.5,102.6,101.8,101,99.6,98.2,96.9,95.7,94.8,94.4,94.7,95.2,95.8,95.6,95.3,95.3,95.3,95.2,95.5
,,군포시,,100.3,100,99.4,99.2,99.5,99.5,99.8,99.9,101,101.2,101.1,101.1,100.9,100.8,100.7,100.6,100,99.8,98.6,98.4,97.9,97.8,97.7,97.8,98,98.4,99.3,99.4,99.3,99.5,99.5,99.9,100.3,100.5,100.7,100.8,100.5,100.5,100.5,100.5,100.5,100.3,99.6,98.3,96.2,95.8,95.2,94.3,93.3,93.3,93.1,93.8,94,94.4,93.8,93.6,94.4,95.4,96.1,96.4
,,의왕시,,98.9,98.7,98.2,97.6,97.7,97.9,98,98.2,98.7,98.9,98.9,98.3,98.2,98.3,98.2,97.9,97.1,96.1,94.7,94.1,94,94,94.2,94.4,94.7,95.3,96.2,96.4,96.5,96.4,96.9,97.3,97.9,98.1,97.9,97.8,97.7,97.6,97.4,97.4,97.2,97.2,97.1,96.8,96.2,95.5,94.8,94.4,93.5,92.8,92.2,92.1,92.3,92.6,92.1,91.9,92.1,92.8,93.3,93.8
,경부2권,,,-,-,-,-,-,-,-,-,-,-,-,-,-,-,-,-,-,-,-,-,-,-,-,-,-,-,-,-,-,-,-,-,-,-,-,-,99.8,99.8,99.5,99.3,99,98.6,98.4,98,97.4,96.8,96.4,95.9,95.6,95.3,95.2,95.3,95.4,95.5,95.4,95.1,95,95.1,95.3,95.4
,,안성시,,83.8,83.8,83.8,83.9,84.1,84,84.2,84.2,84.3,84.4,84.4,84.4,84.5,84.5,84.5,84.5,84.4,84.5,84.4,84.3,84.2,84.2,84.2,84.2,84.3,84.5,85,85.7,85.9,86.2,86.2,86.5,87.1,88.1,89.3,89.5,90.6,90.6,91.1,91.5,92,92.4,92.7,93,93.5,93.8,93.9,94.1,94.2,94.3,94.3,94.7,94.8,95.1,95,95.1,95.2,95.8,96.2,96.5
,,용인시,,107.5,106.6,106.1,106.1,106.4,106.6,106.9,107.1,107.8,107.9,107.8,107.7,107.7,107.7,107.6,106.7,105.9,105.1,104.4,103.9,103.6,103.5,103.4,103.5,104.1,104.5,105,105,105.1,105,104.6,104.3,104.2,104.3,104.2,103.9,103.7,103.7,103.4,103.2,102.9,102.6,102.4,101.6,100.6,99.8,99,98.3,97.9,97.6,97.4,97.4,97.6,97.8,97.6,97.3,97.2,97.2,97.2,97.3
,,,처인구,103.4,103.1,102.8,102.7,102.7,102.7,102.8,102.8,103.1,103.1,103.1,103.1,103.1,103.1,103.2,102.9,102.6,102.4,101.8,101.6,101.4,101.6,101.4,101.4,101.6,101.6,101.8,101.9,102.2,102.2,102.1,102,102,102.2,102.2,102.1,102,102,101.8,101.7,101.7,101.5,101.4,101.1,100.7,100.3,100.2,100,99.7,99.6,99.5,99.9,99.9,100.2,99.7,99.6,99.5,99.4,99.2,99.4
,,,기흥구,109.7,108.6,107.9,107.5,108.1,108.4,108.7,108.8,109.7,109.9,109.5,109.5,109.5,109.3,109.3,107.7,106.7,105.8,105.7,105.3,105.2,104.8,104.8,104.3,104.8,105,105.2,105.3,105.2,105,104.1,103.9,103.7,103.7,103.7,103.4,103.2,103.2,103.2,103.1,103,103,103,102.6,101.9,101.5,101.1,100.7,100.3,99.9,99.7,99.7,99.7,99.5,99.2,99,98.7,98.7,98.6,98.7
,,,수지구,108.3,107.3,106.7,107,107.3,107.6,108.1,108.4,109.4,109.5,109.5,109.2,109.2,109.3,109,108.2,107.4,106.4,105.1,104.2,103.8,103.6,103.7,104.2,105.2,106,106.9,106.8,106.9,106.8,106.5,106.1,106,106,105.9,105.5,105.3,105.3,104.6,104.1,103.5,102.7,102.3,101,99.2,97.9,96.4,95.1,94.5,94.1,94,93.9,94.2,94.7,94.7,94.4,94.4,94.5,94.6,94.7
,,수원시,,92.7,92.6,92.4,92.3,92.9,93,93.4,94.1,94.9,95.2,95.4,95.3,95.3,95.4,95.5,95.6,95.5,95.3,94.9,94.7,94.7,94.8,94.9,95.1,95.2,95.7,96.5,97.4,97.3,97.4,97.6,98.1,98.4,98.5,98.5,98.3,98.2,98.1,97.7,97.3,97,96.2,95.9,95.7,95.2,94.7,94.4,94.1,93.8,93.5,93.4,93.4,93.5,93.6,93.4,93,92.9,93.2,93.4,93.6
,,,장안구,93.9,94,93.8,93.8,94.1,93.9,94.5,94.7,95.5,95.7,95.8,95.9,95.8,95.8,95.9,95.9,95.9,95.8,95.3,95.2,95.6,95.6,95.6,95.7,95.7,96.2,96.8,97.2,96.9,97,97.2,97.5,97.7,97.8,98.1,98.1,98,97.9,97.7,97.5,97.3,97.1,96.7,96.5,96.1,96,96,95.4,95.4,95.3,95.4,95.4,95.7,95.7,95.6,95.4,95.4,95.5,95.6,95.7
,,,권선구,95.3,95.2,94.9,95.1,95.3,95.4,95.7,96.1,96.9,97.3,97.6,97.6,97.6,97.7,97.9,98.4,98.2,98,97.7,97.5,97.5,97.7,97.8,98,98.1,98.3,99.5,99.7,99.4,99.7,99.7,100.6,101.1,101.3,101.3,101.2,101.2,101,99.6,99.3,99.1,97,96.7,96.5,96,94.9,94.6,94.6,94.4,93.7,93.7,93.7,93.5,93.6,93.3,92.6,92.4,92.6,93,93.1
,,,팔달구,90.3,90.4,90.5,90.6,91.3,91.4,91.5,93.5,93.8,94.1,94.1,94.1,94.1,94.2,94.3,94.3,94.4,94.4,93.9,93.7,93.5,93.4,93.6,93.9,94,94.3,94.7,97.6,97.5,97.6,97.8,97.9,98,98,97.8,97.6,97.4,97.5,97.3,97.2,96.9,96.6,96.2,96.1,95.4,95.3,95.2,94.7,94.2,94.2,93.8,93.8,93.9,94.1,94,93.7,93.7,94.1,94,94.1
,,,영통구,91.2,90.7,90.3,90,91.1,91.6,91.9,92.4,93.8,94.1,94.1,94,94,94.2,94.3,94.1,93.6,93.3,93.2,92.7,92.6,92.6,92.7,92.9,93.4,94.3,95,95.6,95.8,96,96.3,96.7,97.3,97.4,97,96.8,96.4,96.5,96.6,95.6,95,94.5,94.1,93.9,93.5,92.8,92.2,91.8,91.3,91,90.8,90.9,91.1,91.1,91,90.5,90.5,90.7,91.2,91.5
,서해안권,,,-,-,-,-,-,-,-,-,-,-,-,-,-,-,-,-,-,-,-,-,-,-,-,-,-,-,-,-,-,-,-,-,-,-,-,-,97.9,97.8,97.7,97.7,97.5,97.3,96.9,96.7,96.4,96.1,96,95.7,95.3,95,94.7,94.7,95,95.1,94.9,94.7,94.8,95,95.3,95.4
,,부천시,,102.6,102.1,102.1,102.7,102.7,103.1,103.7,104.1,104.9,105.2,105.4,105.4,105.3,105.4,105.6,105.6,105.4,105.2,104.8,104.6,104.6,104.5,104.5,104.4,104.5,104.7,104.9,104.9,104.9,104.8,104.8,104.7,104.5,104.4,104.4,104.3,103.9,103.5,103.4,103.1,102.6,102.3,101.7,101.4,100.8,100.1,99.6,99,98,97.5,97,96.9,97.1,97.1,97,96.6,96.6,97,97.3,97.3
,,,(구)원미구,103.9,103.6,103.2,103.5,103.7,104.4,104.9,105.4,106.1,106.5,106.6,106.6,106.5,106.4,106.5,106.4,106.1,105.7,105.2,104.9,104.8,104.7,104.7,104.6,104.7,105,105.2,105.3,105.4,105.3,105.3,105.1,105,105,104.9,104.8,104.1,103.9,103.7,103.2,102.8,102.4,101.7,101.4,100.6,99.7,99,98.4,97,96.3,95.7,95.6,95.9,95.9,95.8,95.1,95.1,95.8,96.3,96.2
,,,(구)소사구,102.4,101.8,101.9,101.9,101.9,101.9,102.3,102.5,103.2,103.6,103.9,103.9,103.9,104.1,104.1,104.4,104.3,104.4,103.7,103.6,103.7,103.7,103.7,103.7,103.8,103.9,104.2,104.3,103.9,104,104,103.9,103.8,103.6,103.7,103.6,103.4,103.1,103.4,103.4,103.1,103,102.6,102.3,101.9,101.4,101,100.4,100.1,99.9,99.5,99.4,99.4,99.3,99.3,99.2,99.2,99.3,99.3,99.4
,,,(구)오정구,100.5,99.9,100.4,102.4,102.2,102.2,103.1,103.4,104.6,104.7,104.9,104.9,104.9,105.1,105.7,105.7,105.6,105.5,105.3,105.3,105.2,105.1,105.1,105,104.9,105,105.2,105.2,105.1,105.1,105,104.9,104.7,104.5,104.4,104.2,104.1,103.2,101.7,101.6,99.9,99.1,98.8,98.3,98.3,98.1,98,97.5,96.8,96.5,96,96.1,96.3,96.4,96,95.7,95.8,95.9,96.2,96.9
,,안산시,,93.4,93.1,93.2,92.6,92.6,92.6,92.6,92.7,93.1,93.3,93.3,93.3,93.4,93.7,93.7,93.6,93.3,93,92.4,92.1,91.9,91.8,91.9,92.1,92.2,92.5,93.4,93.7,93.6,93.8,94.2,94.3,94.7,94.9,95,95,95.2,95.2,95.1,95.1,95.1,94.9,94.6,94.3,94.3,94.4,94.4,94.3,94.1,94,93.6,93.6,93.9,94,93.9,93.7,93.9,94.2,94.3,94.5
,,,상록구,90.5,90.3,90.8,90.2,90.2,90.1,90.2,90.2,90.5,90.5,90.6,90.5,90.6,91.1,91.1,91.2,90.8,90.6,90.2,89.9,89.9,89.9,89.9,90.1,90.2,90.5,91.9,92.1,92.1,92.2,92.8,92.9,93.3,93.7,94,93.9,94.2,94.2,94.2,94.1,94,94,93.6,93.1,93.3,93.3,93.4,93.7,93.8,93.7,93.3,93.1,93.3,93.4,93.5,93.5,93.7,94.1,94.2,94.6
,,,단원구,96.4,96,95.8,95.2,95.1,95.1,95.1,95.4,95.8,96.2,96.2,96.2,96.3,96.3,96.3,96,95.8,95.5,94.7,94.3,93.9,93.8,94,94.1,94.3,94.5,94.9,95.3,95.2,95.4,95.5,95.6,96,96.1,96,96,96.1,96.2,96,96,96.1,95.8,95.7,95.5,95.4,95.4,95.3,95,94.4,94.2,93.9,94.1,94.5,94.6,94.4,94,94,94.3,94.5,94.4
,,시흥시,,98.8,98.1,97.9,97.8,97.4,97.6,97.9,98.2,98.8,99,99.1,99,98.8,98.8,98.9,99.1,98.9,98.3,97.8,97.4,97.4,97.3,97.2,97.2,97.2,97.5,97.7,98,98.2,98.1,98.1,98.2,98.3,98.4,98.5,98.4,98.6,98.6,98.4,98.4,98,97.1,96.7,96.3,96.1,95.9,95.5,95.3,94.7,94,93.7,93.5,93.7,94,94,93.8,94,94.3,94.5,94.8
,,광명시,,93,92.7,92.1,92.7,93.1,93.9,94.7,95.5,96.5,96.7,96.1,95.5,95.1,95.4,95.4,95.4,94.2,93.2,92.4,91.9,91.9,91.7,91.5,91.7,91.5,91.8,92.2,92.6,92.6,92.6,92.8,93,93.2,93.3,93.2,93,92.8,92.4,92.4,92.3,92,91.8,91.2,91.1,90.9,90.5,90.4,89.8,89.4,89.1,88.7,88.8,89.2,89.4,89.1,89,89.1,89.2,89.8,90.1
,,화성시,,95.2,94.4,94.4,94.3,94.2,94.6,94.7,95.1,95.5,95.6,95.7,95.5,95.4,95.6,95.8,95.8,95.6,95.5,95.3,95.2,95.1,95.1,95.1,95,95,96.5,97,97.5,97.6,97.7,97.8,98.9,99.1,99.2,99.5,99.4,99.1,99.1,99.1,98.6,98.3,98.1,98,97.3,96.5,96,95.8,95.5,95.3,95.2,95,95.4,95.7,95.9,95.7,95.5,95.5,95.9,96.2,96.4
,,오산시,,89.1,88.9,88.4,88,88,87.8,88.1,88.5,89.1,89.3,89.7,89.9,90,90.2,90.3,90.2,90.2,89.9,89.8,89.9,89.8,89.9,90.2,90.2,90.4,91.1,92.2,93.1,92.9,93.6,94.2,94.8,96.3,97.2,97.9,98.3,98.5,98.5,98.5,98.4,98.3,98.2,98.2,98.1,98.1,98.1,98.2,98.3,98.2,98,97.9,97.9,97.9,97.3,96.9,96.7,96.5,96.6,96.6,96.7
,,평택시,,88,87.9,87.7,87.6,87.3,87.4,87.3,87.4,87.5,87.7,87.7,87.8,87.8,88.1,88.4,88.6,88.6,88.5,88.5,88.5,88.5,88.5,88.6,88.7,88.9,89.5,90,90.9,90.9,91.2,91.4,91.9,93,93.6,94.1,94.7,94.9,94.9,95,95.7,96.2,96.4,96.3,96.5,96.7,96.9,97.1,97.1,97,96.9,96.9,96.9,97,97.3,97.1,97.1,97,97.1,97.1,97.2
,동부1권,,,-,-,-,-,-,-,-,-,-,-,-,-,-,-,-,-,-,-,-,-,-,-,-,-,-,-,-,-,-,-,-,-,-,-,-,-,103.7,103.6,103.4,103,102.5,101.9,101.3,100.5,100,99.9,99.5,99.1,98.6,98.1,97.8,97.9,97.9,97.8,97.5,97.3,97.1,97.4,97.5,97.4
,,남양주시,,107.6,107.1,106.4,106.4,106.2,106.2,106,106.3,107.5,107.7,107.9,107.8,107.7,107.6,107.6,107.5,107,106,105.1,104.5,104.3,104.4,104.6,104.6,104.7,105,105.3,105.7,105.8,105.8,105.8,106.2,106,106,105.9,105.8,105.5,105.4,104.8,104.2,103.3,102.6,102.1,101.4,100.8,100.8,100.4,99.9,99.6,99.1,98.8,98.7,98.7,98.6,98.1,97.9,97.7,98,98,98
,,구리시,,100.8,100.2,100.2,100.6,100.5,100.7,100.7,101,102.2,102.6,102.6,102.4,102.3,102.4,102.4,102.5,102.3,102,101.6,101.3,101.1,100.9,100.7,100.6,100.7,101.3,102,102,101.9,101.8,101.7,101.7,102.2,102.6,102.5,102.3,102.5,102.6,102.5,102.3,102.1,101.8,101.4,100.8,100.2,99.6,98.8,98.1,96.8,96,95.5,95.4,95.6,95.7,95.3,95.3,95.2,95.7,96,96.1
,,하남시,,98.9,98.1,97.3,96.9,97.4,97.5,98.1,98.7,100.6,101.1,101.2,101.2,101.2,101.2,101.2,101,100.6,100.3,99.8,98.4,98,98,98.2,98.4,98.6,98.9,99,99.3,99.4,99.5,99.6,99.7,100.1,100.1,100.1,100.1,99.7,99.7,99.7,99.6,99.4,98.2,95.9,93.3,93.4,93.3,93,92.6,91.8,91.6,91.5,91.9,92.2,92.1,91.9,91.6,91.7,92.6,92.5,92.3
,,광주시,,112.5,111.8,110.8,110.4,109.6,109.2,109.3,109.2,108.9,109.2,108.9,108.9,108.8,108.6,108.4,108.1,107.1,106.2,105.3,104.3,103.9,103.4,102.5,102.1,102.1,102,102,102,102,102,101.8,101.8,102,102,102,102,101.7,101.7,101.7,101.8,101.7,101.5,101.3,101,100.8,100.7,100.6,100.5,100.3,100,99.9,100.1,100.1,99.9,99.7,99.5,99.3,99.3,99.3,99
,동부2권,,,-,-,-,-,-,-,-,-,-,-,-,-,-,-,-,-,-,-,-,-,-,-,-,-,-,-,-,-,-,-,-,-,-,-,-,-,97.4,97.4,97.4,97.4,97.4,97.3,97.1,97,97,96.7,96.5,96.3,96.3,96.3,96.4,96.6,96.9,97,97,97,97,97.3,97.5,97.6
,,이천시,,89.1,88.6,88.4,88.3,88.3,88.3,88.6,89,89.3,89.5,89.4,89.4,89.3,89.1,90.4,91.4,91.3,91.2,91,91,91,90.9,90.9,91.1,91.3,91.3,91.9,92.9,92.9,93.2,93.4,93.5,93.9,94.1,94.1,94.2,94.8,94.9,95,95,95,95,94.8,94.5,94.6,94.3,94.2,94.1,94.1,94.3,94.5,94.9,95,95.1,95.2,95.2,95.3,95.7,95.8,96
,,여주시,,-,-,-,-,-,-,-,-,-,-,-,-,-,-,-,-,-,-,-,-,-,-,-,-,-,-,-,-,-,-,-,-,-,-,-,-,97.9,97.9,97.9,97.9,97.9,97.9,97.9,97.9,97.8,97.7,97.7,97.7,97.8,97.8,97.8,98,98.3,98.5,98.5,98.5,98.3,98.5,98.7,98.7
,경의권,,,-,-,-,-,-,-,-,-,-,-,-,-,-,-,-,-,-,-,-,-,-,-,-,-,-,-,-,-,-,-,-,-,-,-,-,-,102.6,102.6,102.1,101.7,101.2,100.5,99.8,98.8,98.1,97.6,97.1,96.6,95.9,95.4,95.1,94.3,94.4,94.1,93.8,93.7,93.9,94.4,94.6,94.7
,,김포시,,105.4,105.3,104.1,103.9,103.4,103.9,105.1,106.4,108.1,108,107.9,108.1,107.9,108,107.9,107.7,106.9,106.3,105.1,104.3,103.8,103.4,103.3,103.3,103.2,103,102.9,102.9,102.3,101.9,101.5,101.2,100.6,100.5,100.5,100.2,100.2,100.2,99.3,98.8,97.8,97.2,96.6,95.8,94.9,94.3,94.1,93.3,92.3,91.9,91.8,91.7,92.2,92.1,91.6,91.2,91.3,92.6,92.6,92.7
,,고양시,,106.5,106.2,105.5,105.4,105.7,105.9,106.1,106.4,106.9,107.5,107.9,107.7,107.6,107.5,107.3,106.9,106,105.1,103.3,102.4,102.1,101.6,101.7,101.7,101.7,101.9,102.1,102.4,102.4,102.3,102.1,101.9,101.9,101.8,101.7,101.6,101.4,101.4,101.2,100.9,100.5,99.9,99.2,98.1,97.3,96.9,96.5,96,95.5,94.9,94.4,93.7,93.6,93.5,93.3,93.2,93.4,93.9,94,94.3
,,,덕양구,103.8,103.5,102.6,102.4,102.6,102.6,102.9,102.9,103.3,104,104.9,104.7,104.7,104.6,104.6,104.6,103.9,103.3,101.9,101.1,100.8,100.2,101,100.9,100.9,101.2,101.4,102,102,102,102,101.6,101.6,101.6,101.6,101.6,101.4,101.4,101.3,101,100.6,100.1,99.9,99.3,98.9,98.8,98.1,97.8,97,96.6,96.2,95.4,95.3,95.1,94.9,94.9,95.2,95.8,95.9,96.1
,,,일산동구,104.9,104.6,104.3,104.2,104.3,104.5,104.7,104.8,105.5,105.9,105.9,105.6,105.6,105.5,105.3,104.7,103.6,103.1,101.2,100.3,99.7,99.4,99.3,99.3,99.4,99.5,99.6,99.5,99.8,99.5,99.3,99.1,99,98.9,98.9,98.8,98.8,98.9,98.9,98.6,98.5,98.4,98.1,97.7,96.5,95.8,95.7,95,94.4,93.7,93.2,92.4,92.2,91.8,91.4,91.3,91.3,92,92,92.4
,,,일산서구,111.6,111.3,110.5,110.5,111.2,111.6,111.7,112.4,113.1,113.6,113.6,113.5,113.3,113.1,112.6,111.8,110.8,109.3,107,106,105.7,105.1,104.7,104.7,104.5,104.9,105.1,105.1,105,105,104.6,104.4,104.4,104.3,104.2,103.9,103.4,103.3,103,102.5,101.9,100.8,99.3,96.9,96,95.3,94.9,94.6,94.3,93.5,93,92.5,92.5,92.6,92.7,92.6,92.7,93,93.2,93.5
,,파주시,,112.6,112.1,112,111.7,111.9,111.9,112.1,111.7,111.7,111.7,111.7,110.9,110.9,110.7,110.4,111,110.4,109.9,109,108.3,108.1,108,107.7,107.8,107.9,108.1,108.2,108.2,108.4,108.2,108.5,108.5,108.5,108.5,108.5,108.2,107.8,107.8,106.8,106.1,105.9,104.8,104,103.1,102.7,102,101.5,100.7,100.1,99.8,99.5,98.2,98.3,97.3,97.1,97.1,97.1,97.4,97.6,97.6
,경원권,,,-,-,-,-,-,-,-,-,-,-,-,-,-,-,-,-,-,-,-,-,-,-,-,-,-,-,-,-,-,-,-,-,-,-,-,-,106.6,106.7,106.6,106.5,106.4,106.4,105.2,105,104.6,104,103.4,102.7,101.9,101.4,101,100.7,100.8,100.7,100.1,99.6,99.4,99.5,99.4,99.2
,,포천시,,-,-,-,-,-,-,-,-,-,-,-,-,-,-,-,-,-,-,-,-,-,-,-,-,-,-,-,-,-,-,-,-,-,-,-,-,102.6,102.6,102.7,102.8,102.8,102.8,102.8,103.2,103,102.7,102.2,102,101.8,101.7,101.4,101.4,101.7,101.8,101.4,100.8,100.2,100.1,99.9,99.6
,,동두천시,,121.1,120.8,120.6,120,120,119.9,119.8,119.8,119.8,119.8,119.6,119.1,118.3,118.4,118.2,117.9,115.7,113.3,112.7,112.2,112,111.7,111.7,111.7,111.7,111.7,111.9,112.1,112.2,112.1,112.3,112.3,112.1,111.9,111.8,111.8,111.8,111.8,111.6,111.7,111.4,111.4,108.1,107.6,107.4,105.4,104.7,104.7,103.9,102.1,101.5,101.1,100.9,100.8,100.5,100.1,99.5,99.5,99.5,99.4
,,양주시,,116.5,115.9,114.5,113.8,113.5,113.4,113.4,113.7,115.3,117.4,117.3,117.3,117.3,117,116.1,114.5,113.4,111.5,110,109.4,109.2,108.6,108.1,108.1,107.9,108.2,108.6,108.6,108.7,108.7,108.2,108.1,108,108.2,108.2,108.2,108.3,108.3,108.1,107.9,107.9,107.9,106.5,106.6,105.1,104.8,103.7,102.6,100.8,100.6,100.2,100.5,100.7,100.9,100.3,99.7,99.7,99.9,100,99.8
,,의정부시,,112.3,111.3,110.8,110.1,109.9,109.8,109.4,109.5,109.7,109.6,109.6,109.6,109.5,109.3,108.8,108.5,107.8,108.4,107.4,106.6,106.4,106.1,105.9,105.6,105.6,106,106.5,108.1,108,107.9,107.9,107.8,107.7,107.6,107.2,107.1,105.9,106.1,106.1,105.9,105.6,105.6,104.7,104.3,104.2,103.7,103.4,102.6,101.9,101.5,101,100.5,100.5,100.3,99.5,99.1,99,99,98.9,98.7
인천,,,,104.7,104.3,104,103.7,103.7,104.1,104,104.2,105,105.4,105.5,105.4,105.5,105.5,105.5,105.4,105.1,104.9,104.5,104.2,103.9,103.8,103.6,103.6,103.5,103.7,103.8,103.9,103.8,103.7,103.5,103.2,102.9,102.5,102.1,101.9,101.8,101.6,101.4,101.3,101,100.5,100,99.5,99,98.6,98.1,97.5,96.9,96.4,96,96.2,96.2,96.2,96.1,95.9,95.9,96.3,96.6,96.7
,중구,,,115.1,114.7,114.6,114.6,114.8,114.8,114.4,114.6,115.2,115.4,115.5,115.5,116.9,117.2,117.2,117.1,116.7,116.7,115.9,114.7,114.4,114.1,114.2,114.1,113.8,113.9,114.2,114.3,114,114.2,115.2,115.3,115,115,114.8,114.6,114.7,114.4,114.7,115.2,115.1,115.4,115.3,113.3,110.6,109.1,107.5,105.8,104.2,103.5,102.6,101.9,101.3,101.3,100.6,100,99.6,99.4,99.3,99
,동구,,,100.7,100.6,100.4,100.4,100.4,100.4,100.3,101.7,103.2,103.2,103.2,103.2,103.2,103.6,103.6,103.6,103.7,103.5,103.2,103.2,103.2,103.1,103.1,103.1,103.1,103.1,103.1,103.1,103.1,103.1,103.1,103.1,103.1,103.1,103.1,102.9,102.9,102.9,102.9,102.9,102.9,102.3,101,100.8,100.4,100.3,99.9,99.6,99,98.4,98.1,98.2,98.4,98.3,98.1,97.8,97.8,97.9,97.9,97.8
,남구,,,109.2,108.6,108,107.2,107.1,107.4,107.1,107.5,108.2,108.4,108.5,108.5,108.7,108.6,108.8,108.8,108.6,108.7,108.5,108.5,108.1,108,107.9,107.7,107.6,107.7,107.7,107.6,107.7,107.3,107.1,107,106.9,106.4,106,105.7,105.6,105.5,105.3,105.1,104.8,104.4,103.9,103.8,103.5,103.3,103,102.6,102.2,101.6,101.1,101,100.9,100.6,100.5,100.2,99.9,99.8,99.7,99.6
,연수구,,,100.5,100.3,99.9,99.5,99.2,99.4,99.6,99.8,100.3,100.5,100.8,100.7,100.6,100.6,100.6,100.4,100.2,99.8,99.4,98.8,98.6,98.5,98.1,98.1,98,98,98.2,98.1,98.1,97.9,97.2,96.9,96.8,96.8,96.5,96.3,95.9,95.4,95.1,95.1,94.8,94.7,94,93.3,93,92.5,92.2,91.6,90.5,90.1,89.8,90.2,90.8,91,91.2,91.2,91.3,92.2,92.8,93
,남동구,,,103,102.7,102.1,101.9,101.7,101.4,101.2,101.1,101.7,103.5,103.7,103.5,103.5,103.5,103.4,103.3,103.3,103.4,102.9,102.7,102.4,102.4,102.3,102.3,102.3,102.8,103.6,103.6,103.2,103.1,102.7,102.4,102.3,102.1,101.9,101.9,101.8,101.8,101.8,101.8,101.8,101.8,101.6,101.3,100.4,99.8,99.3,98.7,98.4,97.9,97.4,97.5,97.6,97.6,97.3,97.1,97,97.2,97.2,97.4
,부평구,,,99.6,99.2,99.4,99.6,99.7,101,101,101.4,102.6,102.9,103.1,103,103,103.1,103.1,102.9,102.8,102.5,102.3,102.2,102,101.9,101.9,102,102,102,102,102.1,102,102,102,101.9,101.8,101.6,101.5,101.4,101.2,101.2,100.9,100.7,100.1,99.7,99.2,98.9,98.5,98.1,97.5,97,96.1,95.7,95.1,95,94.9,94.8,94.9,94.6,94.6,94.9,95.4,95.6
,계양구,,,101.1,100.8,100.6,100,100.1,100.3,100.2,100.3,100.9,100.9,100.9,100.6,100.6,100.5,100.5,100.2,99.6,99.5,98.9,98.7,98.4,98.3,98.3,98.2,98.2,98.5,98.5,99,99,98.8,98.7,98.7,98.6,98.3,98.1,97.9,97.8,97.6,97.5,97,96.7,96.5,95.9,95.4,95.2,95,94.8,94,93.5,93.2,93.1,93.5,93.5,93.7,93.8,94.3,94.2,94.7,95.4,95.8
,서구,,,113.1,112.3,111.8,111.7,111.6,112,112.1,112.1,112.4,112.7,112.7,112.8,112.7,112.7,112.7,112.4,112,111.1,110.4,109.9,109.3,109,108.6,108.6,108.6,108.6,108.7,108.6,108.6,108.3,108,106.8,105.6,104.7,103.5,103.2,103.1,102.7,102.1,102.2,101.3,100.1,99.3,98.4,97.8,96.8,96.5,95.8,95.1,94.8,94.7,95,95,95,94.8,94.6,95,95.7,96,96
부산,,,,74.8,74.8,74.9,75,75.2,75.4,75.5,75.7,76.4,76.8,77.4,77.9,78.2,78.8,79.5,80.4,81.1,81.7,82.2,82.6,83.1,84,85.1,86.2,87.2,88.6,90.3,93.5,93.9,95,96,96.8,97.8,98.6,99.5,99.9,99.9,99.7,99.6,99.3,99.1,98.7,98.4,98,97.8,97.8,97.7,97.5,97.3,97.2,97.1,97.2,97.2,97.2,97.1,97,97,97.1,97.2,97.3
,중부산권,,,-,-,-,-,-,-,-,-,-,-,-,-,-,-,-,-,-,-,-,-,-,-,-,-,-,-,-,-,-,-,-,-,-,-,-,-,97.9,97.9,98,97.9,97.8,97.6,97.5,97.3,97.3,97.3,97.2,97.2,97.2,97.1,97.1,97,97.1,97,96.9,96.8,96.7,96.8,96.8,96.9
,,중구,,81,81,81,81,81.4,81.5,81.5,81.6,81.7,81.7,81.9,82,82,82,82,82,82.1,82.5,82.5,82.5,82.5,85.8,86.2,86.8,87.2,87.6,88.7,90.7,90.6,91,91.7,92.3,92.7,97.4,97.9,98.3,98.3,98.3,98.3,98.3,98.3,98.3,98.2,98.1,98.1,98.2,98.3,98.3,98.2,98.1,98.1,98.1,98.1,98.1,98.1,97.9,98,98.1,98.1,98.1
,,서구,,85.3,85.3,85.3,85.3,85.5,86.6,86.6,86.7,87.1,87.2,87.6,87.7,88,88.3,88.5,88.9,89.1,89.4,89.7,89.9,90.2,90.5,91.2,91.6,92,92.3,93.4,94.1,94.7,95.1,96,96.5,97.4,97.8,98.8,99.3,99.3,99.3,99.2,99.4,99.2,99.1,98.9,98.7,98.7,98.7,98.7,98.7,98.7,98.7,98.7,98.7,98.8,98.7,98.6,98.5,98.5,98.6,98.6,98.6
,,동구,,91.4,91,90.8,91,90.5,90.5,90.5,90.6,90.6,90.7,90.7,90.7,90.8,90.8,90.8,91,90.9,91,91,91.3,91.6,91.7,92.1,92.3,92.5,92.9,94,94.2,94.2,94.6,94.9,95.8,96.3,96.5,96.5,96.6,96.7,96.7,96.7,96.9,97.1,96.9,96.9,97.1,97.2,97.3,97.3,98.5,98.4,98.3,98.2,98.2,98.3,98.2,98.2,98.2,98.2,98.3,98.3,98.3
,,영도구,,81,81.1,81.3,81.9,82.1,82.2,82.7,83,83.6,84.8,84.4,86.3,86.5,86.7,87.4,87.7,88.9,89.5,89.8,90.1,90.6,91.4,91.8,92.2,92.5,93.5,94.6,96.2,96.8,97.6,98,98.6,99,99.4,100.4,100.7,100.7,100.6,100.5,100.5,100.3,100.2,100.1,99.9,99.8,99.5,99.4,99.1,99.1,99.1,99.2,99.2,99.3,99.3,99.2,99.2,99.2,99.2,99.1,99.1
,,부산진구,,75,75.1,75.1,75.2,75.3,75.4,75.5,75.5,76.3,76.5,77.2,77.5,77.6,78.1,78.9,79.7,80.5,81,81.9,82.1,83,84,85.1,85.8,86.6,87.9,89.4,91.2,92.5,93.4,94.4,95.8,96.6,96.9,97.8,98.2,98.3,98.3,98.3,98.2,97.9,97.5,97.1,97,96.9,96.9,96.9,96.8,96.6,96.5,96.5,96.5,96.5,96.5,96.5,96.4,96.4,96.5,96.5,96.6
,,남구,,74.1,74,74.1,74.1,74.2,74.3,74.4,74.7,74.9,75.3,75.6,75.9,76.1,76.8,77.4,78.4,78.9,79.2,79.5,79.9,80.3,81.1,82.4,83.1,83.9,85.2,86.5,90.8,90.9,91.7,92.5,93,93.5,94.6,95.1,95.4,96,96.1,96.3,96.3,96.3,96.2,96.1,96.1,96.1,96.1,96.1,96,96.1,95.9,95.9,95.6,95.6,95.4,95.1,95.1,94.9,94.8,94.6,94.8
,,연제구,,78.3,78.3,78.5,78.6,78.8,78.9,79,79.1,79.5,79.7,80.1,80.7,81.1,81.6,82.2,82.9,83.1,83.8,84,84.2,84.7,85.6,86.2,87.3,88,88.7,89.9,91.4,91.7,92.3,93,93.5,94.4,95.7,97.3,98.5,98.4,98.4,98.4,98.6,98.5,98.2,98.1,97.4,97.4,97.4,97.4,97.3,97.2,97.2,97.2,97.2,97.3,97.3,97.1,96.9,96.8,97,97,97
,,수영구,,77.2,77.1,77.1,77.6,77.8,77.9,78.2,78.6,80.4,80.6,81.2,82,82.2,82.6,82.9,83.6,84.1,84.8,84.9,85,85.1,85.4,86.1,87.1,88,88.9,90.1,92.6,92.6,93.4,93.9,94.6,95.4,96.1,97,97.4,97.2,97.2,97.4,97.2,97.2,97,97,96.9,97.1,97.1,97.1,97,97,97,96.9,96.9,96.9,96.8,96.6,96.5,96.7,96.7,96.8,96.9
,동부산권,,,-,-,-,-,-,-,-,-,-,-,-,-,-,-,-,-,-,-,-,-,-,-,-,-,-,-,-,-,-,-,-,-,-,-,-,-,100.2,99.9,99.8,99.6,99.4,99,98.6,98.1,98,97.9,97.9,97.7,97.5,97.3,97,97.1,97.2,97.1,97,96.9,96.9,97,97.1,97.2
,,해운대구,,73.9,74,74.2,74.2,74.5,74.6,74.8,75.1,76.3,76.9,77.9,78.4,78.8,80,81,82,82.7,83.2,83.7,84.3,84.6,85.3,86.5,87.6,89.1,90.9,93.3,96.2,96.9,98,98.8,99.9,101.1,101.8,102.1,102.2,102.4,101.3,101,100.5,100,99.6,98.9,98,97.7,97.7,97.8,97.4,97,96.5,95.9,96.1,96.2,96.2,95.9,95.8,95.8,95.9,96,96.1
,,금정구,,77.1,77.1,77.1,77.1,77.2,77.2,77.3,77.4,77.9,78.3,78.5,78.6,78.8,79,79.6,80.2,80.6,80.9,80.9,81.2,81.4,81.7,82.6,83.4,84.8,86.4,87.8,92.4,92.1,93.4,94.6,95.7,96.8,97.4,97.7,98,98,98,98.2,98.2,98.4,98.1,97.8,97.5,97.5,97.4,97.4,97.4,97.4,97.3,97.2,97.3,97.3,97.3,97.2,97.2,97.2,97.3,97.4,97.5
,,동래구,,77.9,77.9,78.3,78.4,78.5,78.5,78.6,78.8,79.4,79.6,80.3,80.4,80.7,81.1,81.8,82.9,83.5,84,84.7,85,85.6,86.1,87.2,88.2,88.9,90,91.7,93.2,93.6,94.6,95.7,96.4,97.2,97.9,99.4,99.7,99.7,99.8,99.8,99.8,99.8,99.3,98.9,98.6,98.5,98.3,98.2,98.1,98.1,98.1,98.1,98.1,98.1,98.1,98,98,97.9,98,98,98.1
,,기장군,,75,75.5,75.5,75.8,76.2,76.2,76.2,76.6,76.9,77.6,77.9,78.3,78.6,79.3,80,80.8,82,82.8,82.8,83.3,84.1,85.5,85.9,86.2,86.7,87.6,88.6,90.7,89.9,91.5,92.8,93.4,94.2,96.3,97.9,98,98.5,98.7,98.7,98.7,98.5,98.3,98.6,98.6,98.7,98.7,98.6,98.4,98.4,98.2,98.1,98,98.1,97.9,97.8,97.8,97.8,97.9,97.9,97.9
,서부산권,,,-,-,-,-,-,-,-,-,-,-,-,-,-,-,-,-,-,-,-,-,-,-,-,-,-,-,-,-,-,-,-,-,-,-,-,-,102.7,102.5,101.9,101.4,100.9,100.2,99.7,99.1,98.7,98.4,98.2,97.8,97.4,97.3,97.3,97.5,97.6,97.7,97.6,97.5,97.5,97.9,98.1,98.2
,,북구,,65.9,65.9,65.9,65.9,66.4,66.3,66.3,66.8,67.8,68.2,69.5,70,70.6,71.2,71.8,73.2,74.4,75.4,76.1,76.9,77.8,79.1,81,82.9,84.3,86.9,89.3,94.9,95.8,97.4,98.2,99,100.3,101.3,102,102.4,102.3,101.7,100.6,100,99.1,98.3,97.6,96.9,96.1,95.8,95.8,95.4,95.2,95.2,95.5,96.1,96.4,96.7,97,97.1,97.1,97.4,97.6,97.9
,,강서구,,-,-,-,-,-,-,-,-,-,-,-,-,-,-,-,-,-,-,-,-,-,-,-,-,-,-,-,-,-,-,-,-,-,-,-,-,100.7,100.7,101.3,101.3,101.3,101.3,101.3,101.6,101.3,101,100.8,100.7,100.5,100.4,100.1,99.8,99.7,99.5,98.9,98.4,98.1,98.4,98.6,98.6
,,사상구,,65,65.1,65.3,65.5,65.7,65.8,65.9,66.1,67,67.2,67.8,68.6,68.9,69.4,70.6,71.7,72.8,74.3,74.8,75.4,76.7,78.4,80.1,81.8,83.3,85.4,88,91.7,92.8,93.8,95.3,96.4,97.5,98.3,100.4,100.4,100.9,100.7,100.6,100.5,100.2,99.6,99.2,98.7,98.5,98.4,98.4,98,97.7,97.5,97.4,97.4,97.5,97.4,97.3,97.1,97.2,97.4,97.5,97.7
,,사하구,,73.4,73.4,73.4,73.6,73.8,74.2,74.4,74.7,75.1,75.6,76.4,76.7,77,78,79.1,80.4,81.4,81.7,82.1,82.6,83.2,84.2,85.5,86.7,87.8,89.4,91.8,97.7,97.8,99.5,101.1,102.1,103.3,104.2,105.6,105.7,104.6,104.3,103.7,102.9,102.3,101.6,101,100.4,99.9,99.7,99.2,98.6,98.1,97.9,97.8,98,98.2,98.1,98.1,97.8,97.7,98.4,98.5,98.6
대구,,,,71.8,71.4,71.1,70.9,70.9,70.9,70.9,70.9,71.1,71.3,71.4,71.5,71.6,71.7,71.7,71.8,71.9,71.9,71.9,71.9,72,72.2,72.5,72.6,72.9,73.5,74.1,75,75.1,75.7,76.1,76.7,77.4,78,78.8,79.2,80.4,80.7,81.1,81.5,81.6,81.7,81.8,82,82.2,82.3,82.5,83.1,83.5,83.7,83.9,84.7,85.3,86,87,87.6,88,88.7,89.4,90.4
,중구,,,83.2,83,82.7,82.6,82.6,82.5,82.5,82.5,82.6,82.9,82.9,82.9,82.9,82.9,82.9,82.9,82.9,82.9,82.9,82.9,82.9,83.9,84,83.9,84,84,84.1,84.1,84.1,84.2,84.3,84.5,85.2,85.9,86.4,86.6,87.4,87.4,87.5,87.8,87.9,87.9,87.9,88.2,88.2,88.3,88.5,89.6,90.1,90.2,90.3,91,91.2,91.2,91.5,91.9,92.2,92.6,92.8,93.2
,동구,,,76.1,75.9,75.5,75.3,75.2,75.1,75,75,75.3,75.3,75.4,75.4,75.5,75.5,75.5,75.5,75.5,75.3,75.2,75.1,75,75,75,75.1,75.1,75.2,75.4,75.6,75.9,76.1,76.4,76.7,77.4,77.7,78.3,78.7,80,80.2,80.7,81,81.3,81.4,81.7,81.9,82,82,82,82.4,82.6,82.6,82.8,84.3,85,85.8,86.3,86.5,86.8,87.3,87.7,89
,서구,,,84.3,83.2,82.8,82.3,82.4,82.3,82.3,82.3,82.4,82.5,82.5,82.6,82.7,82.8,82.8,82.8,82.8,83,82.9,82.9,82.9,83.2,83.3,83.3,83.4,83.5,84.3,84.6,84.5,84.9,85,85.1,85.5,85.7,86,86.5,87.1,87.3,87.4,87.5,87.6,87.6,87.6,87.7,87.7,87.9,88.1,89.8,90.1,90.2,90.2,90.6,91,91.2,91.7,92.1,92.1,92.5,92.6,93.2
,남구,,,87.7,87.5,87.4,87.4,87.4,87.4,87.2,87.2,87.3,87.3,87.4,87.4,87.4,87.4,87.4,87.4,87.4,87.4,87.3,87.3,87.4,87.4,87.4,87.4,87.5,87.5,87.6,87.6,87.2,87.8,87.9,88.2,88.3,88.6,88.8,88.9,89.1,89.2,89.3,89.4,89.5,89.6,89.6,89.7,89.8,90,90.1,90.4,91.1,91.1,91.2,91.5,91.9,92.1,92.4,92.6,92.7,93,93.4,94.1
,북구,,,67.2,67,66.8,66.6,66.6,66.5,66.4,66.5,66.7,66.9,66.8,67.1,67.2,67.3,67.3,67.4,67.4,67.4,67.4,67.4,67.5,67.6,67.7,67.9,68.3,69.2,69.9,71.4,71.8,72.4,72.8,73.6,74.1,74.8,76.3,76.8,77.9,78.3,78.8,78.9,79.1,79.2,79.2,79.6,79.8,79.9,80.1,80.6,81.1,81.5,82,82.8,83.5,84.4,86.1,87.1,88.1,88.9,90,91.1
,수성구,,,70.7,70.5,69.9,69.7,69.5,69.4,69.3,69.2,69.2,69.2,69.5,69.5,69.5,69.6,69.6,69.6,69.6,69.6,69.6,69.6,69.7,69.9,70.1,70.4,70.6,71.2,71.8,72.7,73,73.4,74.2,75,75.7,76.2,77.2,77.6,79.4,79.5,79.8,79.9,79.9,79.9,79.9,80,80,80,80,80.2,80.5,80.6,80.6,81.3,81.8,82.5,83.1,83.5,83.9,84.4,85,86
,달서구,,,64.3,63.5,63.4,63.3,63.5,63.5,63.8,63.9,64.4,64.7,65,65.2,65.3,65.4,65.5,65.6,65.7,65.7,65.8,65.9,66.1,66.4,67,67.3,67.7,68.6,69.6,70.7,70.5,71.6,72.1,72.8,74,74.6,75.4,75.7,77.2,77.7,78.2,79,79.3,79.3,79.4,79.8,79.9,80.3,80.6,81.3,82,82.2,82.3,82.8,83.7,84.8,86.5,87.1,87.4,88.3,89.5,90.6
,달성군,,,72.9,72.5,72.2,72.1,72.1,72.1,72.1,72.1,72.1,72.4,72.2,72.3,72.3,72.4,72.5,74,74.3,74.4,74.4,74.5,74.8,75,75.4,75.7,75.8,76.3,77.3,77.9,78.3,78.9,79.5,80.3,81.1,81.6,82,82.3,83.1,83.7,84.2,84.8,85.6,85.7,85.8,86.2,86.8,87,87.4,87.9,88.2,88.6,88.9,89.8,90.3,90.8,91.2,91.5,91.9,92.7,93.6,94.5
광주,,,,78.1,78.1,78,77.9,77.8,77.7,77.6,77.6,77.7,77.7,77.7,77.8,77.8,77.9,77.9,78,78.1,78.1,78.1,78.1,78.2,78.4,78.7,79.2,79.7,80.8,82.1,84.2,84.7,86.1,87.2,88.4,89.9,90.8,91.4,91.7,92.5,92.4,92.9,93.1,93.6,94.1,94.2,94.2,94.2,94.2,94.3,94.4,94.4,94.5,94.6,94.8,95,95.1,95.1,95,95,95.1,95.2,95.2
,동구,,,86.3,86.3,86.3,86.3,86.3,86.3,86.3,86.3,86.3,86.3,86.4,86.4,86.5,86.5,86.5,86.5,86.6,86.4,86.3,86.3,86.3,86.4,86.5,86.6,86.6,86.8,86.9,87.1,86.8,87.8,87.9,88.7,89.3,89.6,89.9,90.5,90.5,90.5,91.4,92.2,92.7,93.6,93.9,93.9,94.2,94.3,94.5,94.6,94.7,94.9,95,95.1,95.2,95.4,95.4,95.3,95.3,95.4,95.5,95.5
,서구,,,76.5,76.4,76.3,76.2,76.1,76.1,76,76,76,76.1,76.2,76.2,76.2,76.3,76.4,76.5,76.7,76.6,76.6,76.4,76.7,76.9,77.3,77.9,78.3,79.6,81,83.5,83.1,84.8,85.8,87.1,88.3,89.1,89.6,89.7,90.4,90.3,90.7,90.7,91.3,92.3,92.6,92.5,92.6,92.6,92.7,92.9,92.9,93,93.2,93.6,93.7,93.8,93.8,93.7,93.6,93.8,93.9,93.9
,남구,,,82.8,82.5,82.4,82.5,82.5,82.6,82.1,82.3,82.3,82.3,82.5,82.5,82.8,82.7,82.2,82.1,82.5,82.3,82.2,81.9,82,82.1,82.3,82.4,82.5,83.3,84,85.5,84.9,86.2,87.4,88.9,90.4,90.8,91.6,92,92.9,92.9,93.2,93.4,93.8,93.9,94,94,94.2,94.4,94.9,95.1,95.2,95.2,95.3,95.4,95.7,95.8,95.8,95.7,95.7,95.8,95.9,95.9
,북구,,,74.9,74.9,74.9,74.8,74.6,74.6,74.6,74.6,74.7,74.8,74.9,74.9,75,75.1,75.2,75.4,75.5,75.4,75.5,75.7,75.8,76.1,76.5,77.1,77.7,79,80.7,82.9,84.3,85.5,87.3,87.9,90.3,91.5,92.2,92.4,93.6,93.7,94.2,94.6,94.9,95.5,95.8,95.7,95.6,95.5,95.6,95.7,95.6,95.7,95.9,96,96.1,96.1,96.1,96,96,96.1,96.2,96.2
,광산구,,,77.9,77.9,77.7,77.4,77.2,77,77,76.9,77,76.9,76.6,76.8,76.6,76.8,76.9,76.9,77,77.2,77.1,77.3,77.2,77.6,77.8,78.4,79.1,80.1,81.8,84.4,85.7,87,87.8,89.6,90.6,91.6,92,92.7,92.9,92.9,93.4,93.5,94,94.2,94,94,93.8,93.8,93.7,93.7,93.8,93.9,94,94.2,94.5,94.6,94.6,94.6,94.5,94.5,94.7,94.7
대전,,,,80.2,80.2,80.2,80.3,80.5,80.7,81,81.4,82.2,82.8,83.4,84,84.6,85.4,85.8,86.3,86.9,87.1,87.3,87.7,88.1,88.8,89.5,90.5,91.4,92.9,94.4,95.8,95.1,96.9,98.3,99.5,100.8,101.5,101.7,101.7,101.4,101.1,100.9,100.7,100.5,99.8,99.3,98.7,98.6,98.6,98.8,98.8,98.9,98.8,98.8,99,99.1,99.1,98.9,98.7,98.6,98.8,98.9,99.1
,동구,,,81.2,81.2,81.6,81.6,81.8,81.9,82,82.2,82.7,83,83.7,83.9,85.2,85.6,85.7,86,87.2,87.4,87.7,87.8,87.8,88.7,88.8,89.4,89.9,90.9,92.1,93.8,93.1,94.6,95.6,96.3,97.6,98.6,98.6,98.8,98.8,98.9,98.7,98.4,98.3,97.6,97.1,96.7,96.7,97,97.6,98,98.2,98,98.1,98.4,98.5,98.5,98.5,98.4,98.3,98.5,98.5,98.6
,중구,,,82.1,82.1,81.8,81.8,81.9,81.9,82.2,82.3,82.7,82.9,83.3,84.3,84.6,85.1,85.4,85.8,86.1,86.4,86.8,87.2,87.4,87.9,88.6,89.1,90.1,91.6,92.7,94.2,93.4,95.1,96.5,98.1,99.1,99.8,100.5,100.6,100.8,100.8,100.9,101,100.8,100.7,100.5,100.2,100,100,100,99.6,99.6,99.5,99.4,99.3,99.3,99.2,99,98.7,98.7,98.7,98.7,98.7
,서구,,,79.8,79.8,79.7,79.7,80,80.4,80.9,81.5,82.9,84,85.1,85.9,86.5,87.4,88.1,88.8,89.5,89.5,89.5,89.7,90.3,91,92.2,93.7,94.6,96.6,98.4,99.3,98.2,100,101.8,103.1,104.8,105.6,105.6,105.4,105.1,104.9,104.8,104.1,103.7,102.7,101.8,100.4,100.3,100.3,100.4,100.3,100.4,100.3,100.3,100.3,100.2,100.1,99.9,99.7,99.6,99.9,100.1,100.3
,유성구,,,85.7,85.5,85.6,85.6,85.8,86.1,86.3,86.6,87.2,87.7,87.7,88.2,88.4,89.6,89.8,90.3,90.5,90.5,90.7,91,91.2,91.8,92.9,93.7,95.1,97.4,98.4,99.6,98.3,101,102.5,103.8,104.1,104.3,104.3,104,103,101.4,101,100.8,100.6,99.5,99,98.3,98.1,98.2,98.4,98.4,98.4,98.5,98.8,99.5,99.7,99.9,99.5,99.2,99,99.3,99.5,99.8
,대덕구,,,74,74.1,74.1,74.4,74.7,74.7,74.9,75.2,75.6,76.3,76.7,76.9,77.1,78.1,78.4,79.1,79.6,80.4,80.6,81.8,82.4,83,83.2,84.3,84.9,85.5,87.2,89.9,90.1,91.6,92.8,94,95.2,96.2,96.5,96.6,96.6,96.6,96.5,96.5,96.4,96.5,96.5,96.5,96.5,96.5,96.5,96.5,96.5,96.5,96.5,96.8,96.8,96.8,96.7,96.3,96.3,96.6,96.8,97.1
울산,,,,77.2,77.3,77.1,77.2,77.3,77.5,77.8,78.2,78.6,78.9,79.4,79.6,79.8,80.1,80.3,80.6,81,81.1,81.2,81.2,81.3,81.5,81.8,82,82.5,83.3,84.5,85.8,86.1,87,87.6,88.2,89,89.8,91.5,92.2,93,93.7,94.3,94.9,95.4,95.8,95.5,95.4,95.3,95.3,95.5,95.3,95.2,95.1,95,95.1,95.1,95.2,95.3,95.1,95.1,95.3,95.5,95.5
,중구,,,78.2,79.1,79,78.6,78.4,78.6,78.7,79.1,79.2,79.3,79.9,80.2,80.6,80.7,81,81.2,81.8,82,82,82,82.3,82.4,83.1,83.3,83.6,84.6,85.3,85.7,85.8,86.5,86.3,87.2,88.2,88.7,90,90.6,91.6,91.8,92.1,92.4,92.8,93.3,93.6,93.4,93.3,93.3,93.1,92.8,92.7,92.6,92.5,92.9,93.1,93.5,93.8,93.7,93.8,94,94.3,94.3
,남구,,,79.2,78.8,78.5,78.4,78.6,78.8,79.1,79.9,80.3,80.5,81.4,81.6,82,82.3,82.6,82.9,83.3,83.5,83.9,83.9,84.1,84.3,84.6,84.9,85.5,86.6,88.6,90,90.5,91.3,92.3,92.9,93.6,94.3,95.4,96,96.5,96.7,97,97.6,98.1,98,97,96.8,96.5,96.4,96.8,96.5,96.3,96.2,96,96.1,96.1,96.1,96,95.9,95.8,96,96.2,96.2
,동구,,,73.2,73,72.9,73.5,74.3,74.6,74.7,74.7,75.2,75.2,75.3,75.4,75.4,75.5,75.5,75.5,75.5,75.5,75.2,75.1,75.1,75,75.1,75.1,75.1,75.5,76.4,78.6,78.5,78.9,79,79.3,79.8,80.6,82.9,83.5,85.5,88.7,90.8,93.1,94.9,97.3,95.7,95,94.8,94.6,94.9,94.2,93.7,93.6,93.4,93.1,92.8,92.7,92.5,92.2,92.2,92.4,92.8,92.8
,북구,,,72,71.8,71.8,71.7,71.9,72.1,73.6,73.8,74.5,75.3,75.6,75.8,75.9,76.1,76.5,76.9,77.3,77.2,77.4,77.5,77.7,78,78.3,78.4,78.6,78.8,79.7,81.2,80.9,81.9,82.8,83.8,85.2,86.7,89.2,91,91.7,93.1,94.2,94.5,95.1,95.2,95.1,95,95,95.4,96.2,96.5,96.7,96.6,96.4,96.5,96.6,96.5,96.4,96.3,96.1,96.1,96.3,96.2
,울주군,,,77.6,78.1,78.1,78.1,77.8,77.8,77.8,77.9,78.1,78.9,79.1,79.4,79.3,80.1,80.3,80.7,81,81.1,81.3,81.3,81.3,81.5,81.9,82,83.2,84.2,85.2,86.1,87.3,88.7,90.1,90.5,91.2,92,93.3,93.4,93.6,93.8,93.9,94.3,94.4,94.6,95.3,95.5,95.6,95.7,95.9,95.9,95.9,95.7,95.7,95.8,95.9,96.1,96.4,96.2,96.3,96.5,96.8,96.8
세종,,,,-,-,-,-,-,-,-,-,-,-,-,-,-,-,-,-,-,-,-,-,-,-,-,-,-,-,-,-,-,-,-,-,-,-,-,-,-,-,-,-,-,-,-,-,-,-,95.3,96,96.7,97.4,98.2,98.8,99.3,99.7,99.8,99.6,99.6,99.9,100.1,100.3
강원,,,,82.7,82.7,82.8,82.7,82.7,82.7,82.8,82.8,83.1,83.3,83.6,83.7,83.8,84,84.2,84.4,84.4,84.5,84.8,84.9,84.9,85,85.1,85.2,85.5,85.9,86.5,87.5,87.3,88.6,89.8,92.6,93.8,94.6,95.7,96.2,97.6,98,98.3,98.5,98.6,98.6,98.7,98.6,98.6,98.6,98.6,98.6,98.5,98.4,98.2,98.2,98.3,98.2,98.1,98.1,98.2,98.3,98.5,98.7
,춘천시,,,80.4,80.4,80.7,80.6,80.7,80.7,80.8,81.1,81.9,82.4,83,83.3,83.8,84.3,85,85.5,85.7,85.9,86.3,86.7,86.7,86.9,87.2,87.7,88.2,89.3,90.3,91.8,92.3,93.9,95.5,96.6,97.1,97.7,98.4,99,100.5,100.6,100.9,100.9,100.8,100.9,100.6,100.5,100.5,100.6,100.4,100.3,100.3,100.2,99.6,99.5,99.5,99,98.8,98.7,98.9,99.3,99.8,100.2
,원주시,,,85.4,85.5,85.5,85.3,85.3,85.2,85.2,85.1,85,85.1,85.1,85.1,85.1,85,85,84.9,84.8,84.8,84.9,84.9,84.8,84.8,84.8,84.8,84.8,84.9,85.1,85.8,84.4,85.9,86.8,89.4,91.3,92.6,93.8,94.2,96.6,96.8,97.2,97.6,97.7,97.7,98,97.9,97.9,97.9,97.9,98.4,98.3,98.3,98.2,98.3,98.5,98.6,98.8,98.8,98.9,99.2,99.5,99.6
,강릉시,,,77.7,77.7,77.6,77.6,77.6,77.6,77.6,77.6,77.6,77.6,77.5,77.5,77.3,77.2,77.2,77.2,77.2,77.5,77.7,77.7,77.7,77.7,77.6,77.6,77.7,77.8,78.7,79.4,80.6,80.9,82,88.3,89.2,89.6,90.8,91.3,91.7,92.8,93.1,93.6,93.9,94.1,94.5,94.5,94.6,94.6,94.6,94.8,94.8,94.9,95,95.2,95.4,95.4,95.3,95.2,95.2,95.3,95.3,95.5
,동해시,,,-,-,-,-,-,-,-,-,-,-,-,-,-,-,-,-,-,-,-,-,-,-,-,-,-,-,-,-,-,-,-,-,-,-,-,-,97.6,97.9,98.1,98.1,98.4,98.5,98.5,98.3,98.4,98.4,98.8,98.5,98.5,98.3,98.3,98.6,98.7,98.4,98.3,98.3,98.3,98.4,98.4,98.3
,태백시,,,-,-,-,-,-,-,-,-,-,-,-,-,-,-,-,-,-,-,-,-,-,-,-,-,-,-,-,-,-,-,-,-,-,-,-,-,101,101.1,101.2,101.3,101.1,100.8,100.7,100.6,100.5,100.4,100.4,99.8,99.7,99.4,99.3,99.3,99.3,99.4,99.4,99.3,99.4,99.3,99.4,99.4
,속초시,,,-,-,-,-,-,-,-,-,-,-,-,-,-,-,-,-,-,-,-,-,-,-,-,-,-,-,-,-,-,-,-,-,-,-,-,-,98.6,98.8,98.8,99.2,99.1,99.1,99,98.4,98,97.5,97.6,97.6,97.6,96.9,96.4,96.5,96.5,96.6,96.5,96.4,96.4,96.5,96.5,96.6
,삼척시,,,-,-,-,-,-,-,-,-,-,-,-,-,-,-,-,-,-,-,-,-,-,-,-,-,-,-,-,-,-,-,-,-,-,-,-,-,99,99.4,100.1,100.1,100.3,100.3,100.3,100.3,100.3,100.3,100,99.4,99.2,99,99.2,99.4,99.4,99.3,99.2,99.1,99.1,99.1,99.1,99.2
충북,,,,76.8,76.7,76.4,76.3,76.4,76.5,76.5,76.6,76.9,76.7,77,77.5,77.6,77.9,78.2,78.5,78.8,79.3,79.5,79.7,80.1,80.5,81,81.5,82.1,83.1,84.6,85.6,85.7,86.5,88,89.1,90.4,91.4,92.1,92.6,93.1,93.3,93.6,94.1,94.5,94.7,94.9,95,95,95,95.2,95.4,95.3,95.4,95.4,95.7,95.8,95.9,96,96.1,96.2,96.3,96.4,96.7
,충주시,,,79.9,79.9,79.8,79,79,79.1,78.9,78.9,79.2,77.8,78.3,78.3,78.4,78.9,79.3,79.9,80.2,81.6,81.8,82.3,82.7,83.3,84,85,86.3,87.6,89.7,90.3,90.2,90.6,91,91.9,92.7,93.1,93.4,93.5,93.9,94.2,94.4,94.6,94.9,95,95.1,95.3,95.4,95.6,95.7,96.2,96.5,96.7,96.9,96.9,97.2,97.4,97.5,97.6,97.7,97.9,97.9,98.1
,제천시,,,-,-,-,-,-,-,-,-,-,-,-,-,-,-,-,-,-,-,-,-,-,-,-,-,-,-,-,-,-,-,-,-,-,-,-,-,89.5,90.4,91.5,92.2,93.8,93.9,94.2,95,95,95.4,96.4,97.1,97.5,97.4,97.4,97.7,97.9,98.1,98.4,98.5,98.6,98.7,98.9,99.2
,음성군,,,-,-,-,-,-,-,-,-,-,-,-,-,-,-,-,-,-,-,-,-,-,-,-,-,-,-,-,-,-,-,-,-,-,-,-,-,87.2,87.5,87.7,89.9,91.9,92.3,94.7,95.8,95.3,95.2,95.1,94.7,94.9,95,95.1,95.2,95.3,95.5,95.6,95.8,95.8,95.8,96,96.1
충남,,,,83.7,83.7,83.5,83.7,83.5,83.4,83.4,83.3,83.6,83.9,84,84.1,84.1,84.2,84.3,84.2,84.3,84.3,84.3,84.2,84.3,84.3,84.5,84.6,84.7,84.9,85.6,86.5,86.9,87.2,87.9,88.6,89.3,90,90.7,91,91.6,91.7,92,92.3,92.6,92.8,93,93.2,93.5,93.8,94,94.7,94.9,95,95.2,95.3,95.6,95.7,95.8,95.9,96,96.3,96.8,97.1
,천안시,,,77.1,77,76.8,77.1,77,77,76.9,76.8,77,77.3,77.3,77.4,77.4,77.5,77.5,77.3,77.5,77.5,77.4,77.4,77.4,77.4,77.5,77.5,77.6,77.8,78.4,79.2,79.7,80,80.6,81.2,81.8,82.6,83.4,83.8,84.5,84.6,85.3,85.7,86,86.3,86.6,87,87.5,87.9,88.3,89.3,90,90.1,90.4,90.6,91,91.3,91.6,91.8,92.1,92.7,93.7,94.4
,,동남구,,79.5,79.5,79.1,79.1,79.1,79.3,79.3,78.9,79.4,79.7,79.7,79.7,79.7,79.8,79.8,79.3,79.7,79.6,79.4,79.4,79.3,79.2,79.4,79.4,79.6,79.8,80.4,81.2,81.9,82.2,82.5,82.8,83.6,84,84.4,84.6,84.7,84.7,84.8,85,85.5,85.7,85.9,86.4,86.9,87.5,88,89.2,89.8,90,90.3,90.7,91.2,91.6,92.1,92.2,92.4,93.2,94.2,94.6
,,서북구,,75.3,75.1,75.1,75.5,75.4,75.3,75.2,75.2,75.3,75.4,75.5,75.6,75.6,75.7,75.8,75.9,75.9,76,75.9,75.9,75.9,75.9,76,76,76,76.3,76.9,77.7,78,78.4,79,80,80.5,81.4,82.6,83.1,84.4,84.6,85.7,86.3,86.5,86.8,87.1,87.5,87.9,88.2,88.4,89.5,90,90.2,90.4,90.5,90.8,91.2,91.3,91.6,91.9,92.4,93.4,94.2
,공주시,,,93.7,93.6,93.1,93.1,92,91.3,91.3,91.3,90.8,90.8,90.8,90.8,90.8,90.8,90.8,90.3,90.3,90.4,90.4,90.4,90.3,90.3,90.3,90.3,90.4,90.4,90.4,90.7,90.7,90.7,91.8,91.9,92.3,92.6,93,93.2,93.7,93.9,93.9,94.7,95.3,95.7,95.9,96.1,96.4,96.6,96.9,98.1,98.5,98.5,98.6,98.7,98.7,98.9,98.7,98.7,98.7,99,99.4,99.6
,보령시,,,-,-,-,-,-,-,-,-,-,-,-,-,-,-,-,-,-,-,-,-,-,-,-,-,-,-,-,-,-,-,-,-,-,-,-,-,92.5,92.9,93.4,93.8,93.9,94,94.2,94.4,94.8,95,95.3,96.3,96.3,96.4,96.6,97.1,97.2,97.2,97.3,97.3,97.3,97.4,97.5,97.5
,아산시,,,79,79,79,79.1,79.1,79.2,79.2,79.3,80,81.1,81.2,81.2,81.3,81.3,81.3,81.3,81.3,81.4,81.5,80.8,80.9,80.9,81.2,81.4,81.7,82,82.4,82.9,83.2,83.5,84.7,85.4,86.7,87.3,88.1,88.3,88.7,88.9,89.3,89.7,90.6,90.8,91.4,92.1,92.5,93.1,93.4,93.9,94.1,94.3,94.5,94.5,94.9,95.1,95.3,95.4,95.5,96.1,96.7,97
,서산시,,,-,-,-,-,-,-,-,-,-,-,-,-,-,-,-,-,-,-,-,-,-,-,-,-,-,-,-,-,-,-,-,-,-,-,-,-,98.3,98.2,98.5,98.3,98.2,98.3,98.2,98,97.7,97.4,96.4,96.3,96.3,96.3,96.4,96.7,96.9,97,97,97,97,97.2,97.4,97.4
,논산시,,,89.9,90,90.2,90.2,90.2,90,90.1,90.3,90.7,90.9,91.1,91.3,91.3,91.5,91.7,92,92.1,92.3,92.4,92.6,92.9,92.9,93,93.2,93.2,93.3,95.1,97.1,97.6,98.1,98.4,98.8,99.4,99.8,100.1,100.3,100.3,100.3,100.4,100.4,100.3,100,99.8,99.7,99.7,99.8,99.8,99.9,100.1,100.2,100.1,99.9,99.9,100,99.9,99.8,99.8,100,100,100.6
,계룡시,,,89.4,89.4,89.1,89.1,88.8,88,87.5,87.6,87.8,88.3,88.9,89.8,90.3,90.8,91.2,91.3,91.4,92,92.3,93.1,93.9,94.2,94.4,95.3,95.7,96.4,97,99.6,101.1,101.7,102.2,103.5,104.3,105.1,105.9,106,106,106,105.8,105.8,105.8,105.2,105,104.7,104.8,104.8,104.8,104.9,104.6,104.4,104.1,104.3,104.6,104.7,104.1,103.6,103.5,104.3,104.4,104.4
,홍성군,,,-,-,-,-,-,-,-,-,-,-,-,-,-,-,-,-,-,-,-,-,-,-,-,-,-,-,-,-,-,-,-,-,-,-,-,-,97.4,97.4,97.5,97.5,97.8,98,97.9,98,98,98,98.1,98.3,98.5,98.5,98.6,98.7,98.9,98.9,98.9,98.9,98.9,99.1,99.1,99.2
,예산군,,,-,-,-,-,-,-,-,-,-,-,-,-,-,-,-,-,-,-,-,-,-,-,-,-,-,-,-,-,-,-,-,-,-,-,-,-,93.6,93.8,93.8,94.1,95,95.2,95.3,95.3,95.7,95.9,96,96.4,96.6,96.7,97,97.1,97.3,97.8,97.9,97.9,97.7,97.7,97.8,97.8
,당진시,,,-,-,-,-,-,-,-,-,-,-,-,-,-,-,-,-,-,-,-,-,-,-,-,-,-,-,-,-,-,-,-,-,-,-,-,-,95.2,95.1,94.9,94.8,94.7,94.6,94.4,94.3,94.2,94.1,94,94.9,94.8,94.9,95,95.1,95.2,95.3,95.4,95.6,95.8,96,96.1,96.5
전북,,,,82.8,82.8,83,83.1,83.3,83.4,83.5,83.9,84.3,84.8,85.3,85.8,86,86.5,87,87.4,87.8,88.5,89.3,89.7,90.2,90.6,91,91.6,92.1,93.3,94.1,95.4,95.6,96.5,97.4,98.4,99.7,100.6,101.5,102.3,103.3,103.4,103.8,104,103.9,103.7,103.5,103.4,103,102.8,102.3,101.6,101.1,101.1,101,101,101,100.8,100.7,100.6,100.5,100.5,100.5,100.5
,전주시,,,77.9,78.1,78.3,78.6,78.8,79,79.3,79.7,80.2,80.8,81.3,81.7,82.1,82.8,83.5,84.2,85,86.2,87.5,88.3,89.2,89.8,90.7,91.6,92.3,93.9,94.7,96.7,97.4,98.4,99.3,100.1,101.1,101.9,102.7,103.1,104.4,104.5,104.8,105.1,104.7,104.3,103.9,103.4,102.7,102.3,101.7,101,100.4,100.5,100.3,100.3,100.3,100.3,100.2,100.1,100,100,100,100.1
,,완산구,,77,77,77.2,77.5,77.8,78.1,78.4,78.8,79.3,79.8,80.5,80.8,81.2,82,82.8,83.4,84.2,85.4,86.6,87.5,88.3,89.1,90,90.9,91.5,93.5,94.3,95.2,96.2,97.5,98.4,99.4,100.5,101.5,102.5,102.9,103.8,103.8,103.9,104,103.5,103.3,102.8,102.5,102.2,101.8,101.3,101.3,100.7,100.8,100.6,100.7,100.7,100.7,100.6,100.5,100.4,100.4,100.4,100.4
,,덕진구,,79.2,79.5,79.7,80,80.1,80.2,80.4,80.8,81.3,82,82.4,82.9,83.2,83.8,84.5,85.3,86.1,87.2,88.5,89.2,90.4,90.8,91.5,92.4,93.4,94.5,95.1,98.8,98.9,99.7,100.4,101,101.8,102.4,102.9,103.3,105.2,105.4,106,106.5,106.2,105.7,105.3,104.5,103.5,103,102.2,100.6,100.2,100.1,100,99.9,99.9,99.9,99.6,99.5,99.5,99.5,99.6,99.7
,군산시,,,89.4,89.2,89.5,89.7,89.7,89.8,90,90.8,91,91.2,91.5,91.6,91.6,91.7,91.7,91.8,91.8,91.7,91.6,91.3,91.3,91.3,91.3,91.4,91.4,92.5,93.4,94,93.8,94.8,95.8,97.1,98.9,100.2,101.5,103.4,103.9,104.2,104.9,105,105.3,105,104.6,104.4,104.1,104,103.8,103.4,102.7,102.5,102.4,102.3,102.2,102,101.8,101.7,101.6,101.6,101.7,101.7
,익산시,,,90.2,89.7,89.8,89.8,89.8,89.7,89.7,89.6,89.8,90.5,91.2,92.2,92.4,92.8,93,93.1,93.1,93.7,94.5,94.5,94.7,94.9,95,95.3,95.8,96.6,97.2,98,97.9,98.3,99.1,100.4,101.9,102.7,103.4,104.1,105.2,105.2,106.2,106.2,106.3,106.3,106.2,106.8,105.9,105.7,104.8,103.4,102.8,102.6,102.5,102.4,102.2,101.7,101.5,101.4,101.3,101.4,101.4,101.4
,정읍시,,,-,-,-,-,-,-,-,-,-,-,-,-,-,-,-,-,-,-,-,-,-,-,-,-,-,-,-,-,-,-,-,-,-,-,-,-,101.8,101.9,102.4,102.4,102,101.9,101.8,101.7,102,101.7,101.6,100.8,100.5,100.4,100.4,100.5,100.7,100.6,100.5,100.3,100.1,100,99.9,99.9
,남원시,,,-,-,-,-,-,-,-,-,-,-,-,-,-,-,-,-,-,-,-,-,-,-,-,-,-,-,-,-,-,-,-,-,-,-,-,-,96.2,96.2,96.5,96.5,96.8,97,98,98.7,99.1,99.4,99.9,99.9,100,100.1,100.2,100.3,100.5,100.5,100.5,100.5,100.6,100.1,100,100
,김제시,,,-,-,-,-,-,-,-,-,-,-,-,-,-,-,-,-,-,-,-,-,-,-,-,-,-,-,-,-,-,-,-,-,-,-,-,-,100.5,100.6,100.6,100.9,100.9,100.9,100.7,100.5,100.4,100.3,100.2,99.1,99,99,99.1,99.1,99.2,99.1,99,99,98.9,98.8,98.7,98.7
전남,,,,87.5,87.5,87.5,87.9,87.9,87.9,87.9,87.9,88.2,88.6,88.7,89.3,89.6,90,90.6,91,91.3,91.4,91.5,91.6,91.8,92,92.5,92.7,93,93.4,94.1,95,95.6,96.5,96.7,97.2,97.9,98.5,99.6,100.8,101.4,101.3,101.4,101.8,101.9,102.1,102.1,102.2,102.3,102.3,102,102,101.9,101.7,101.6,101.5,101.5,101.4,101.2,101,100.9,100.8,100.8,100.8
,목포시,,,83.3,83.3,83.4,83.5,83.7,83.7,83.9,84,84.1,84.1,84.2,84.4,84.5,84.9,85,85.5,85.7,85.7,85.9,86.2,86.7,87.2,88.2,88.8,89.4,90.3,91.5,92.6,95.4,97.1,97.3,98.5,99.1,99.7,100.6,101.8,101.7,102.4,101.7,103.3,103.5,104.5,104.3,104.5,104.7,104.8,103.9,103.7,103.6,103.2,103,102.7,102.6,102.5,102,101.6,101.3,101.1,101.1,100.9
,여수시,,,92.3,92.3,92.1,92.7,92.7,92.7,92.5,92.5,93,93.9,94,95.3,95.4,96.1,96.6,97,97.2,97.1,97.2,97.2,97.3,97.3,97.5,97.5,97.7,97.8,98.2,98.4,98,98.4,98.6,99.1,99.7,99.8,100.4,101.2,101.3,101.4,101.6,101.6,101.6,101.6,101.6,101.6,101.6,101.6,101.6,101.5,101.5,101.7,101.6,101.6,101.6,101.5,101.4,101.3,101.3,101.3,101.3,101.2
,순천시,,,93.3,93.2,93.2,93.1,92.9,93,93.1,93.1,93.2,93.4,93.3,93.5,93.8,93.9,94.9,94.9,95.3,95.8,95.7,95.7,95.9,96,96.4,96.4,96.5,96.8,97,98,97.9,98.5,98.6,98.7,99.7,100.6,102.1,103.5,105.5,105.5,105.5,105.5,105.5,105.5,105.5,105.4,105.5,105.4,105.1,104.8,104.8,104.6,104.2,104.1,103.8,103.7,103.5,103.3,103.2,103.1,102.8,102.7
,나주시,,,-,-,-,-,-,-,-,-,-,-,-,-,-,-,-,-,-,-,-,-,-,-,-,-,-,-,-,-,-,-,-,-,-,-,-,-,102.2,99.4,99.4,99.6,99.6,99.8,100.2,101,101.1,101.2,101.2,101.1,101.1,101.2,101.3,101.4,101.4,101.5,101.4,101.2,101.1,101.1,101,101
,광양시,,,77.2,77.8,77.8,79.9,80.3,80.3,80.3,80.3,80.5,80.7,81.5,83.6,85,85,86.8,88.2,88.7,88.6,89.1,89.1,89.1,89.2,89.4,89.6,89.8,90.3,91.7,95,94.8,95.3,95.4,95.4,95.6,97.3,100.8,102.9,103.8,103.9,103.9,103.9,103.8,103.8,103.7,103.7,103.7,103.6,103.7,103.5,103.5,103.2,103,102.9,102.8,102.8,102.7,102.4,102.3,102.3,102.1,102
,무안군,,,-,-,-,-,-,-,-,-,-,-,-,-,-,-,-,-,-,-,-,-,-,-,-,-,-,-,-,-,-,-,-,-,-,-,-,-,95.3,95,96.6,96.7,96.9,96.8,96.8,96.9,97.1,97.5,97.3,97.4,97.6,97.4,97.4,97.2,97,97.1,97,96.8,96.9,97.4,97.5,98.1
경북,,,,81.8,81.5,81.3,81.3,81.2,81.1,81.1,81.2,81.5,81.6,81.7,81.8,81.8,81.8,81.8,81.8,81.7,81.5,81.3,81.1,81.1,81.2,81.5,81.7,82,82.2,82.9,83.4,83.5,83.9,84.2,84.6,85.1,85.7,86.4,86.9,87.5,87.6,88,88.2,88.5,88.7,88.9,89.2,89.6,89.9,90.1,90.4,90.7,91,91.3,91.7,92.1,92.5,93.1,93.4,93.7,94.2,94.7,95.1
,포항시,,,76.1,75.7,75.8,76,76,76.3,76.3,76.5,77.1,77.3,77.5,77.7,77.7,77.7,77.8,77.9,77.8,77.7,77.5,77.4,77.4,77.4,77.6,77.6,77.9,78,78.3,78.6,78.6,78.8,78.9,79.2,79.5,79.8,80.1,80.4,80.7,80.8,81.2,81.4,81.8,82,82.3,82.9,83.4,83.8,84.3,84.6,85.3,85.4,85.8,86.4,86.9,87.5,88.4,88.6,89.1,89.7,90.1,90.5
,,남구,,78.7,78.4,78.4,78.5,78.6,78.6,78.7,78.9,79.6,79.6,79.7,79.7,79.7,79.7,79.8,80,80,79.9,79.8,79.9,79.9,80,80.3,80.3,80.3,80.3,80.6,80.5,80.4,80.6,80.7,80.7,80.9,81,81.2,81.5,81.7,81.8,82.2,82.4,82.6,83,83.2,83.7,83.9,84.3,84.6,85.2,85.8,86.1,86.6,87.1,87.5,88.1,88.7,89.1,89.6,90.4,90.7,91.2
,,북구,,73.6,73.2,73.4,73.6,73.5,74,74,74.1,74.8,75.1,75.4,75.6,75.7,75.8,75.9,75.9,75.7,75.5,75.2,75,74.9,74.9,75,75.1,75.6,75.7,76.1,76.7,76.8,77,77.2,77.6,78,78.5,78.8,79.1,79.5,79.7,80,80.1,80.8,81,81.3,82,82.9,83.3,83.9,84,84.6,84.6,85,85.5,86.2,86.9,87.9,88.1,88.6,89.1,89.4,89.6
,경주시,,,-,-,-,-,-,-,-,-,-,-,-,-,-,-,-,-,-,-,-,-,-,-,-,-,-,-,-,-,-,-,-,-,-,-,-,-,86,86.1,86.5,86.6,86.8,87.1,87.1,87.6,88.1,88.5,88.7,88.9,89.3,89.5,89.7,90.1,90.5,91.1,91.7,91.8,92.2,92.7,93.2,93.8
,김천시,,,-,-,-,-,-,-,-,-,-,-,-,-,-,-,-,-,-,-,-,-,-,-,-,-,-,-,-,-,-,-,-,-,-,-,-,-,96.2,96.5,96.7,96.8,96.9,97,97,97.1,97,97.1,97.1,97.1,97.1,97.1,97.5,97.7,97.7,97.9,97.9,97.9,98.1,98.8,99.3,99.5
,안동시,,,-,-,-,-,-,-,-,-,-,-,-,-,-,-,-,-,-,-,-,-,-,-,-,-,-,-,-,-,-,-,-,-,-,-,-,-,92.8,92.8,92.8,92.9,93,93.2,93.4,93.5,93.5,93.7,93.7,93.7,93.7,93.6,93.7,93.9,94.3,94.5,95.3,95.6,95.6,95.8,96.1,96.2
,구미시,,,77.5,77.1,76.5,76.3,76,75.6,75.4,75.3,75.4,75.4,75.4,75.4,75.4,75.3,75.2,75,74.9,74.8,74.6,74.4,74.4,74.6,75.1,75.4,75.6,75.9,76.9,77.8,78.3,78.8,79,79.4,80.2,80.9,81.9,82.5,83.8,84,85,85.7,86,86.2,86.9,87,87.7,87.8,88,88.5,89,89.7,90.3,90.8,91.6,92.4,93.5,93.9,94.4,95.3,96.1,96.9
,영주시,,,-,-,-,-,-,-,-,-,-,-,-,-,-,-,-,-,-,-,-,-,-,-,-,-,-,-,-,-,-,-,-,-,-,-,-,-,95.1,95.1,95.1,95.1,95.2,95.2,95.3,95.4,95.6,95.7,95.9,96.1,96.2,96.4,96.6,96.8,97,97,97.2,97.4,97.4,97.6,97.8,98.4
,영천시,,,-,-,-,-,-,-,-,-,-,-,-,-,-,-,-,-,-,-,-,-,-,-,-,-,-,-,-,-,-,-,-,-,-,-,-,-,92.6,92.6,92.9,93.1,93.3,93.5,93.6,94,94,94,94.7,95.4,95.4,95.6,95.7,95.6,95.7,95.6,95.7,96.1,96.4,96.7,96.9,97.2
,상주시,,,-,-,-,-,-,-,-,-,-,-,-,-,-,-,-,-,-,-,-,-,-,-,-,-,-,-,-,-,-,-,-,-,-,-,-,-,97.7,97.7,98,98,98.2,98.1,98.2,98.2,98.2,98.3,98.4,98.7,98.8,98.8,98.9,99.1,99.1,99.2,99.2,99.2,99.2,99.3,99.4,99.6
,문경시,,,-,-,-,-,-,-,-,-,-,-,-,-,-,-,-,-,-,-,-,-,-,-,-,-,-,-,-,-,-,-,-,-,-,-,-,-,95.6,95.6,95.4,95.4,95.5,95.6,95.6,95.6,96.1,96.1,96,96.4,96.6,96.6,96.8,97.2,97.2,97.2,97.8,97.8,97.9,97.8,98.1,98.2
,경산시,,,72.4,72.4,72.2,72.3,72.3,72.3,72.3,72.3,72.3,72.3,72.4,72.4,72.3,72.4,72.3,72.3,72.3,72.1,71.7,71.7,71.7,71.7,71.9,72.1,72.5,72.7,73.4,73.6,73.5,74,74.4,75,75.6,76.2,77.3,77.8,79.6,79.9,80.5,80.8,81.1,81.6,81.7,82.1,82.4,83.1,83.8,84.6,84.9,85.1,85.5,85.9,86.4,86.6,87.4,87.9,88.3,89.1,89.8,90.5
,칠곡군,,,-,-,-,-,-,-,-,-,-,-,-,-,-,-,-,-,-,-,-,-,-,-,-,-,-,-,-,-,-,-,-,-,-,-,-,-,88.4,88.6,88.5,88.4,88.4,88.4,88.4,89.7,90.5,90.8,91,91,91.2,91.2,91.6,92.5,93.3,93.7,94.3,94.9,95.3,96,96.8,97.9
경남,,,,71.6,71.5,71.6,71.7,71.7,71.9,71.9,72,72.4,72.7,73.1,73.2,73.3,73.7,74.3,74.7,75.4,76.2,76.6,77.1,77.7,78.4,79.7,81,82.2,83.8,86.5,91.3,91.9,92.9,93.7,94.6,95.8,96.7,97.3,97.5,97.7,97.7,97.8,97.7,97.6,97.3,96.9,96.7,96.6,96.5,96.5,96.3,96.1,95.9,96,96.2,96.5,96.6,96.6,96.6,96.6,96.8,97,97
,창원시,,,66,65.8,65.9,66,66.1,66.3,66.3,66.4,66.7,66.9,67.3,67.5,67.7,68.2,69,69.5,70.3,71.3,71.9,72.4,73,73.4,74.8,75.9,77,78.6,82.1,89.4,90,91.1,91.8,92.7,94.5,95.6,96.2,96.4,96.4,96.4,96.3,96.2,96.1,95.7,95.3,95,94.9,94.8,94.6,94.6,94.3,94.2,94.2,94.5,95.1,95.3,95.3,95.3,95.3,95.6,95.8,95.9
,,의창구,,66.4,66.8,66.8,67.1,67.1,67.3,67.3,67.5,67.7,68.2,68.3,68.3,68.4,68.9,69.8,70.1,70.7,71.9,73.1,73.4,73.8,74.1,75.3,76,77.1,78.4,81.2,86.8,86.6,88,88.3,89.5,91.3,92.2,92.9,93.2,93,93.1,93.1,93,93.7,93.7,93.5,93.1,93.2,93,92.7,92.4,92.2,92,92.1,93,93.6,93.8,93.9,94,94,94.4,95,94.9
,,성산구,,58.6,58.1,58.4,58.6,58.7,58.9,58.7,58.9,59.3,59.5,60.5,61,61.3,62.1,63.1,63.9,65.7,67.3,68.3,69.3,70.5,71,73.1,74.4,76,78.7,83.2,91.1,91.8,92.4,92.7,93.7,95.2,96.1,96.4,96.3,96.4,96.4,96.5,96.3,96,94.8,94.3,93.9,93.6,93.6,93.5,93.3,93,92.8,92.8,92.9,92.9,93.1,93.2,93.1,93.1,93.5,93.6,93.7
,,마산합포구,,68,67.6,67.5,67.5,67.6,67.6,67.7,67.7,68,68,68.1,68.1,68.2,68.2,69.1,69.4,69.5,70.7,70.8,71.3,71.7,71.9,72.3,73.5,74.1,75.5,78.4,85.6,86.5,87.6,88.7,89.6,92.4,93.8,94.9,95.4,95.5,95.5,94.5,94.5,94.3,94,94,94,94,94,93.9,94.3,94.1,94,94.2,94.4,96,96.1,96.2,96.2,96.2,96.4,96.4,96.6
,,마산회원구,,71.2,71,71.2,71.4,71.4,71.9,71.9,72,72.3,72.3,72.9,73,73.1,73.9,74.2,74.6,75.3,75.7,76,76.2,76.4,77.2,78.9,80.1,81.2,82.4,85.4,92.7,93.5,94,94.8,95.3,96.7,97.7,98.2,98.4,98.7,98.7,99.1,99,99,98.7,98.4,98.2,97.8,97.6,97.4,97.5,97.4,97.3,97.2,97.2,97.5,97.5,97.4,97.4,97.4,97.6,97.6,97.6
,,진해구,,67.8,67.5,67.5,67.3,67.3,67.3,67.7,67.8,67.7,68,68.1,68.5,68.8,69.1,69.9,70.8,71.5,71.9,72,72.5,72.8,73.4,74.6,75.7,76.8,78.1,82.4,91.6,92.2,94.8,96,97.2,98.4,99.4,99.8,100,99.5,99.5,99.5,99.5,98.7,98.7,97.6,97.2,97,96.6,96.6,96.4,95.9,95.7,95.8,96.3,96.9,97.1,97.1,97,97.2,97.7,97.9,98.1
,진주시,,,94.3,94.2,93.8,93.7,93.6,94,93.8,93.8,94.2,94.2,94.5,94.5,94.5,94.3,94.4,94.4,94.5,94.5,94.5,94.4,94.4,94.5,94.5,94.6,94.6,94.7,94.9,95.2,95.1,95.2,95.5,96.3,96.6,96.9,97.2,97.4,99,99,100.3,100.4,100.3,100.3,100.5,100.1,100.3,100.3,100.4,99.8,99.4,99.3,99.5,99.8,99.7,99.7,99.5,99.2,99.4,99.5,99.5,99.7
,통영시,,,-,-,-,-,-,-,-,-,-,-,-,-,-,-,-,-,-,-,-,-,-,-,-,-,-,-,-,-,-,-,-,-,-,-,-,-,95.4,95.4,95.5,95.4,95.8,95.8,96.1,96.2,96.2,96.2,96.3,96.2,96.2,96.2,96.4,96.7,96.7,96.7,96.7,96.6,96.7,96.9,96.9,97
,사천시,,,-,-,-,-,-,-,-,-,-,-,-,-,-,-,-,-,-,-,-,-,-,-,-,-,-,-,-,-,-,-,-,-,-,-,-,-,96.4,96.4,96.7,96.7,96.7,96.7,96.8,96.7,96.7,96.7,96.7,97.1,96.9,96.8,96.8,97.1,97.4,97.4,97.3,97.2,97.2,97.3,97.5,97.4
,김해시,,,72,72.3,72.5,72.6,72.6,72.7,72.7,72.8,73.2,73.3,73.3,73.4,73.5,74,74.3,75.1,75.8,76.5,77.1,78.4,79.2,80.9,83.2,85.2,87.4,89.7,93,96.1,97,98.3,98.8,99.1,99.4,100,100.1,99.9,99.6,98.6,97.7,97.1,96.8,96.7,96.4,96,96.2,96.3,96.3,96,95.8,95.6,95.6,95.6,95.7,95.8,95.9,96,96,96.2,96.3,96.3
,밀양시,,,-,-,-,-,-,-,-,-,-,-,-,-,-,-,-,-,-,-,-,-,-,-,-,-,-,-,-,-,-,-,-,-,-,-,-,-,99.2,100.2,100.2,100.3,100.4,100.4,101,101.3,101.1,101,101,100.2,100.2,100.2,100.2,100.2,100.1,100.1,100,100,99.9,100.1,100.1,100.1
,거제시,,,65.2,65.4,66.7,66.7,67.1,67.3,67.7,68,69.6,72,73.5,73.5,73.5,73.5,73.7,74.1,74.8,75.2,75.6,75.8,76.1,76.4,77.1,78.3,78.8,79.7,80.7,82.9,83,84.7,86.7,88.4,90.1,91.5,94,94.4,95.6,96.2,97.1,97.9,97.7,96.9,94.4,94.2,93.7,93.5,93.6,93.2,92.2,92.1,92.2,92.7,93.1,93.4,93.7,93.8,93.9,94.1,94.3,94.5
,양산시,,,70.1,70,70.1,69.8,69.9,69.9,69.9,70.1,70.4,70.7,71,71.1,71.2,71.9,72.3,72.7,73.3,73.7,73.5,73.9,74.7,75.9,78.2,80.2,82.1,85.3,88.6,92.4,93.2,94.8,96.6,98.5,100.1,101,102.1,102.6,102.4,102.4,101.9,101.2,100.5,99.9,99.6,99.1,98.9,99,98.8,98.9,98.8,98.7,98.8,99.3,99.6,99.6,99.3,99.1,99.1,99.1,99.2,99.2
제주,,,,81.8,81.8,81.9,82,82.2,82.3,82.3,82.9,83,83.1,83.5,84,84.5,84.7,84.9,85.1,85.3,86.3,86.7,86.8,86.8,87.2,87.4,87.9,88.4,89.5,89.6,89.7,89.7,89.8,90.2,90.7,91,91.6,92,92.5,93.4,94.5,94.7,95,95.9,95.9,95.9,96,96,96,95.9,95.9,95.8,95.8,95.8,95.8,95.8,95.8,95.8,95.7,95.6,95.7,95.8,96.1
,제주시,,,81.9,82,82,82.2,82.1,82.1,82.2,82.9,82.9,83.1,83.3,83.7,84.3,84.5,84.7,84.9,85.1,86.2,86.6,86.7,86.7,87,87.2,87.7,88.3,89.4,89.5,89.6,89.6,89.8,90.2,90.3,90.6,91.2,91.6,92.1,93.1,94.4,94.5,94.8,95.9,95.9,95.9,96,96,96,95.9,95.8,95.7,95.7,95.7,95.7,95.6,95.7,95.7,95.6,95.5,95.5,95.6,96
,서귀포시,,,75.1,75.1,75.1,75.1,79.5,79.5,79.5,79.5,79.5,79.5,81.8,83,83,83,83,83,83,83,83,83,83,85.4,85.4,85.4,85.4,85.4,85.4,85.4,85.4,85.4,85.4,93.5,93.5,93.5,93.5,93.5,94.1,94.9,95.2,95.6,96,96,96,96,96,96,96,96,96.1,96.1,96.1,96.1,96.1,96.1,96,96,96,96,96.2,96.6
